Account,Stake,Trust
16FSBGvQfy4K8dYvPPWWpmzgKM6CvrCoVy,40590 BTC ,2017-12-19 09:58:41,2018-04-15 08:13:13,571,2017-12-19 10:31:53,2018-01-05 11:03:22,3
3CqBquEFMYY548fNBz8u2MBw3HKprS3Xft,38793 BTC ,2015-08-09 12:56:36,2018-04-12 13:33:33,63,2015-12-25 10:59:57,2018-04-11 09:40:29,16
3Ap6mixhHLmVtH41YHH94Ut4jBfmqRpzgQ,37125 BTC ,2015-08-09 12:56:36,2018-04-12 18:28:00,66,2015-11-03 10:16:24,2018-04-11 09:40:29,15
37x6JnDNhbsBw95bvEreB7WHWA74gGR17y,36714 BTC ,2015-08-09 12:12:27,2018-04-12 13:33:33,70,2015-12-25 10:59:57,2018-04-11 09:40:29,15
33VMRgxXZWgZGmGnGRZ9AEW8bZs8scMiY1,36570 BTC ,2015-08-09 12:56:36,2018-04-12 13:33:33,93,2015-11-03 10:16:24,2018-04-11 09:40:29,17
323ENWgPNZdzsm2d6CzEaPTFrvavn1giv5,36104 BTC ,2015-08-06 17:37:49,2018-04-12 13:33:33,128,2015-08-28 12:51:24,2018-04-11 09:40:29,82
17hf5H8D6Yc4B7zHEg3orAtKn7Jhme7Adx,36000 BTC ,2017-04-19 14:06:56,2018-04-09 04:17:55,18,2017-04-20 00:51:23,2017-04-20 00:51:23,1
32ixB1aXiwgpHGHo27SMRSULajCdc7jq9Q,36000 BTC ,2015-11-03 16:32:52,2018-04-09 04:17:55,21,2016-09-15 20:41:13,2017-12-14 13:14:04,4
18C35bBJxeXw8eUgDruc7Jo7p488wF4WKE,2949 BTC ,2018-01-31 18:25:16,2018-03-22 06:09:52,217,2018-02-05 04:41:25,2018-03-12 10:55:15,5
15HiQkbvQMoAzXyKdQbuCKTGDxTswYBUf5,2939 BTC ,2017-05-07 02:00:01,2017-06-22 20:28:21,2,2017-05-08 12:04:22,2017-05-08 12:04:22,1
38qXvWwLDt1BmkV8PxYLLrg4BwJ9Si5GuP,2925 BTC ,2017-09-27 20:23:01,2017-11-20 21:08:30,24,2017-10-08 01:12:51,2017-11-01 18:34:02,19
3QkxHL7hrHXCUeVSQ3GxZSjDh4R9XaXJ3W,2920 BTC ,2014-12-02 15:27:46,2017-12-27 17:46:56,10,2017-03-20 13:20:50,2017-12-27 17:46:56,4
1AenFm1zSRkhtPHwZmP2UuRQbWpakD8cVZ,2918 BTC ,2017-04-21 00:25:44,2017-05-12 02:12:48,2,2017-04-22 16:26:04,2017-04-22 16:26:04,1
1Lm8nJJDQVCw6sB7SRKw4qW9RC9izDn2Jq,2720 BTC ,2014-08-04 08:14:56,2015-04-02 13:52:36,7,2014-08-04 08:57:18,2014-08-04 08:57:18,1
19fBtWE5KefBXRbPAvgvaBN9t2wbh5dRJX,2720 BTC ,2014-08-04 05:09:16,2015-04-02 13:52:36,7,2014-08-04 07:50:16,2014-08-04 07:50:16,1
1HchsWHmk5jofCkJbV9PXZ4rQUWhDghaY6,2720 BTC ,2014-08-02 12:48:57,2015-04-02 13:52:36,6,2014-08-02 12:54:15,2014-08-02 12:54:15,1
1Nmp8y4GNkyfoYgN1ayWPRPVCic1MoPjmH,2715 BTC ,2015-08-24 08:31:23,2016-12-20 08:03:03,24,2015-08-24 09:12:40,2017-01-07 05:32:03,4
16g2TW2hbFoov3DThSRBdnETaS94bFvq5v,2700 BTC ,2011-04-29 14:18:53,2016-01-21 08:38:28,69,2011-04-29 14:40:48,2017-06-19 11:53:31,56
3KgrwtDYrAZh6NuRQAuD6gRjVFSuVF4hTH,2000 BTC ,2018-01-23 05:10:16,2018-02-09 15:11:03,5,2018-01-30 08:30:47,2018-01-30 08:30:47,1
3ESwKQYa5twmcuYZodD61PRSJd21CWDBeC,2000 BTC ,2017-10-02 20:03:54,2018-03-22 10:28:55,9,2017-10-05 12:08:06,2018-03-22 10:28:55,8
13yNg5QcCSXZTCVY5VucfqNqm6nQQETXfo,2000 BTC ,2016-07-24 22:08:19,2016-08-08 17:26:35,3,2016-08-31 21:37:17,2016-10-25 16:55:09,2
168tSNuyAjgMFVFYDv8KX9GJwrD2gT8qyM,1570 BTC ,2017-10-17 16:15:09,2017-10-18 16:04:56,3,2017-10-17 17:27:25,2017-10-17 17:27:25,1
1Lu1VYj71pyUi6MSuXQkESCLWbB7h27jVw,1567 BTC ,2013-04-14 00:44:24,2015-04-28 05:04:21,229,2013-04-15 01:51:19,2013-12-09 00:53:15,17
1Ky5XnUn3coahHYb4nnEGAZrgFATiDFzEn,1566 BTC ,2013-08-26 01:33:16,2015-04-02 14:37:52,73,2013-09-21 16:50:06,2014-08-24 23:46:23,11
12PDZWMDavwUd6dqGvZQHdELbd6bhtJU4G,998 BTC ,2014-05-12 17:47:16,2015-07-27 01:50:45,2,2014-05-14 03:02:20,2014-05-14 03:02:20,1
1kRGFhKhNUMxkef9uu37FQ9BMk8V2Z2Pt,998 BTC ,2014-05-04 13:22:37,2015-07-09 02:08:15,2,2014-05-15 16:29:22,2014-05-15 16:29:22,1
16rFCtoZHtjHzUqn8PZMdmbqeqTPEp6ohh,997 BTC ,2014-05-14 03:02:20,2015-08-14 02:46:00,2,2014-05-15 16:29:22,2014-05-15 16:29:22,1
3LmzcN7f4M8dnvTnoHV3BF8n8i1mLE1udr,996.20 BTC ,2014-11-28 09:51:15,2017-12-11 12:13:58,6,2017-06-05 12:47:22,2017-12-11 12:13:58,3
1qEdM4npYCf4G3Gc168LVsxeTenPnkoAZ,970.54 BTC ,2013-03-13 04:26:23,2018-01-16 12:31:16,18,2017-03-17 03:54:10,2018-01-16 12:31:16,12
1Lo6kVk3DzCzkakDPGD2tuGUbp2gCWuh77,970.48 BTC ,2017-11-23 14:03:57,2017-11-26 16:39:48,5,2017-11-24 16:46:56,2017-11-24 16:46:56,2
3JyHWH3pdLhFgdQ98og5dcwJXMtwaiQWqh,970.18 BTC ,2018-01-09 14:57:46,2018-04-13 15:19:57,84,2018-02-07 11:42:21,2018-04-02 18:56:11,39
1CvjkUTvKWovfmPaAPrLEZTe19AakJrjtY,840.00 BTC ,2018-02-23 09:32:27,2018-04-15 04:13:49,13,2018-04-15 04:13:49,2018-04-15 04:13:49,2
1HyjXZQUznXJ2QcHoQ2e4t3g2etYJ541jt,840.00 BTC ,2015-12-24 04:25:53,2017-02-03 10:17:00,3,2017-02-03 09:56:30,2017-02-03 10:17:00,2
1CvRKe88MdB5dtdeAqbvpq72XeoqidgLi8,627.13 BTC ,2013-12-04 10:58:43,2015-04-02 16:34:08,10,2013-12-05 10:08:06,2018-01-13 09:36:24,5
1LZacqRoTBw1CKFrzRR9CpqpUVbWFf43Q4,627.07 BTC ,2018-03-17 05:25:33,2018-03-29 04:42:50,9,2018-03-17 05:25:33,2018-03-20 00:41:08,2
1HjLMY9z7zWcbpXkXXcQQVDCGai2XLdCMe,627.00 BTC ,2012-05-27 19:02:31,2018-01-14 16:04:03,8,2013-07-21 23:10:45,2016-03-12 22:33:27,2
1KpHWkpG7BGxDuSJKYPYVvNSC6womEZdTu,621.97 BTC ,2013-03-31 21:13:29,2018-01-26 15:01:20,27,2017-05-24 17:28:11,2018-01-26 14:56:09,20
1MuYM4VgYjbnhtkLhYAjvTTxG7se4hw12Q,621.72 BTC ,2018-03-19 03:27:46,2018-04-12 03:06:49,16,2018-03-19 22:42:10,2018-04-12 20:30:35,10
1J7k7SmegWac2XMSoVuUQ8PsQFBw8sUbmQ,621.57 BTC ,2013-04-01 11:21:05,2016-04-08 17:28:17,149,2013-04-02 05:30:44,2018-01-27 17:42:16,139
1H75vZGdG4on1AVzsmVZhXfrwJnZYdRGVZ,500 BTC ,2016-06-01 13:00:18,2016-06-01 14:27:00,2,2016-06-01 14:27:00,2016-06-01 14:27:00,1
1LPHcBfkxWFWreAaKCttwMa7nfd4rJxox6,447.49 BTC ,2014-08-10 18:38:26,2015-04-06 17:17:41,41,2014-10-03 14:29:08,2014-11-19 09:42:45,22
1AhqZfttuuoHqMHzpJSGJEAfLSWh2jwBqi,428.17 BTC ,2018-03-01 18:15:22,2018-03-02 15:51:12,5,2018-03-02 14:55:21,2018-03-02 14:55:21,1
1KDW4mzkVuxfbU2UzBuVHuzRmqvMC1Kn9w,428.13 BTC ,2016-02-03 22:58:15,2017-07-15 07:56:07,246,2016-02-03 23:14:37,2016-10-06 17:55:22,3
13CwWS7CHq3x1ww6p9Usnz1Qp8v4saKawZ,394.54 BTC ,2016-10-18 01:11:12,2016-10-30 22:42:27,19,2017-01-08 07:38:07,2017-01-08 07:38:07,1
15EVJQbLh3KVaXgRshhR8pQAJFnFW5p6g8,394.51 BTC ,2012-07-30 13:20:23,2015-04-06 17:17:41,10,2013-12-01 16:57:38,2013-12-28 09:48:01,4
17CpydSiixjZWFHAJJvDT8fdygqh2geSpt,388.22 BTC ,2017-10-04 21:47:32,2018-04-13 06:51:14,14,2017-10-12 22:36:57,2018-03-09 03:27:00,6
1xbbjJcbeD4Qi88QmJmMgTFSdm7b5WCG4,388.00 BTC ,2013-03-14 03:51:47,2015-10-18 11:05:21,625,2013-03-14 10:38:39,2015-12-08 11:21:06,93
19MHCH3EMebK6aPyBSJZv5h6QMqfcRjSzS,336.59 BTC ,2017-05-15 20:35:24,2018-01-31 10:29:46,15,2017-05-23 18:09:50,2017-12-07 19:20:13,2
1GPRueEBA6x3VkGse6F2Z9Sq3ZzvHvFUWL,283.91 BTC ,2017-12-10 11:51:11,2018-04-13 12:05:09,96,2017-12-13 02:17:36,2018-04-13 20:02:34,92
1HmSZwgrd5vEtVkn4qv2cMHzFqq71GvcYY,283.84 BTC ,2013-02-28 10:32:16,2015-04-07 17:47:38,79,2013-03-19 14:56:50,2014-05-20 13:11:31,39
1LW2dKY6GYF8E8qNJBqf6CesCsbA41q8e8,227.05 BTC ,2018-01-09 20:18:24,2018-04-11 10:59:56,74,2018-01-11 08:24:20,2018-03-21 04:21:52,63
17LPsunWCbPnuMhRgMpx5kFJsSiUnbxuim,227 BTC ,2015-12-28 12:53:23,2016-03-18 07:19:44,6,2015-12-30 11:20:30,2015-12-31 07:00:54,3
1J4B5NPSWDnBFpWFmnFVyHeyShr3oDVWBH,190.63 BTC ,2017-11-30 03:54:34,2018-04-14 03:06:16,66,2018-02-09 19:52:30,2018-02-09 19:52:30,21
1Ef6wNgXvfn8hBfpFLAsaKBuQDuy925NMT,190.55 BTC ,2017-11-27 09:50:36,2018-04-15 10:37:18,44,2017-12-11 22:22:38,2018-04-04 00:20:37,23
12Bkb9FZHYSesg2yFeDiUqZCGjxPD2dRoN,190.48 BTC ,2018-01-15 13:32:55,2018-01-19 14:34:07,3,2018-01-15 14:55:51,2018-01-15 14:55:51,1
1FrtfchKoCjqmJ7hJYKQZVRq5fidEmwdCH,190.44 BTC ,2014-03-09 19:07:49,2017-12-07 21:48:39,123,2014-07-15 11:55:25,2017-12-07 21:48:39,118
16tsgVvNUuY3zHnG8AQvx4rSUorPHkLigd,182.79 BTC ,2018-02-03 17:05:18,2018-02-28 02:52:25,9,2018-02-08 00:28:48,2018-02-16 22:29:00,2
1F1ZUYN4LLCsiDdba6AqyKVFGSadzok6MP,182.74 BTC ,2015-06-30 05:47:15,2015-06-30 05:47:15,1,
1Kh9c8AzrxRPL4SyocnU4qHmaqCasZoJst,182.72 BTC ,2015-11-01 15:43:59,2015-12-27 08:41:21,1472,2015-11-02 10:08:43,2015-12-26 07:00:59,897
18PTB6hFLUtwn19CjfYdPAKB5hS9zX6mZp,182.72 BTC ,2016-11-23 22:04:29,2017-05-01 23:29:47,5,2017-04-16 16:47:05,2017-04-16 16:47:05,1
12ga9e1rv213PpvxLTQCQUB9yuvuVUVefv,182.50 BTC ,2011-07-04 18:01:34,2014-05-18 10:29:03,298,2011-07-06 09:53:27,2012-06-07 11:30:55,237
1AfDbwyrB8dyEL4pCMfK7r6M9GpYkFUHuw,154.73 BTC ,2017-07-24 02:43:59,2018-04-13 11:53:05,130,2017-07-29 08:06:45,2018-04-13 10:01:22,128
1DRbcednUR4tk4udxryaWSUzjX2iixLvAw,154.72 BTC ,2016-11-12 04:06:32,2017-07-18 02:44:21,114,2016-11-15 02:54:30,2017-07-14 09:30:11,113
16VEr55VorFduZXR5KzZn2NWjud1syAYBi,154.64 BTC ,2014-11-28 10:17:42,2015-01-09 12:48:28,2,2015-01-09 12:48:28,2015-01-09 12:48:28,1
173xV3oqdHjsqp6sMuurNqWXAL7AJSnXFG,154.61 BTC ,2013-10-23 17:20:21,2016-02-10 04:12:16,591,2013-11-30 11:00:50,2018-02-20 09:56:13,30
1KUpW75TRsbf6qozgkdQ8qZEfG2AbB6zKX,150 BTC ,2018-02-25 02:53:15,2018-02-25 08:36:53,2,2018-02-25 03:18:31,2018-02-25 03:18:31,1
1HvbvALqAXP8qHhWWvh42FxdXuPZBGs6ov,150 BTC ,2018-02-25 02:53:15,2018-02-25 08:36:53,2,2018-02-25 03:18:31,2018-02-25 03:18:31,1
1GkdunL68SjRwCm11y21jFoULoL4jAUQWN,150 BTC ,2018-02-25 02:53:15,2018-02-25 08:36:53,2,2018-02-25 03:18:31,2018-02-25 03:18:31,1
1GZ1rFz3QNnPpH3gszkTKHwn2fD1nbkyAW,150 BTC ,2018-02-25 02:53:15,2018-02-25 08:36:53,2,2018-02-25 03:18:31,2018-02-25 03:18:31,1
1C4PtXH8yCAqJh8WjouvHqxpq2Emw3yR5M,150 BTC ,2018-02-25 02:53:15,2018-02-25 08:36:53,2,2018-02-25 03:18:31,2018-02-25 03:18:31,1
19f86uwPMNGq2g4jw4VtfWcbkLPGDoScXt,150 BTC ,2018-02-25 02:53:15,2018-02-25 08:36:53,2,2018-02-25 03:18:31,2018-02-25 03:18:31,1
16PQaU8WjtUDzsVHMBGxigaUttisX4mtdY,150 BTC ,2018-02-25 02:53:15,2018-02-25 08:36:53,2,2018-02-25 03:18:31,2018-02-25 03:18:31,1
1KUpW75TRsbf6qozgkdQ8qZEfG2AbB6zKX,150 BTC ,2018-02-25 02:53:15,2018-02-25 08:36:53,2,2018-02-25 03:18:31,2018-02-25 03:18:31,1
1HvbvALqAXP8qHhWWvh42FxdXuPZBGs6ov,150 BTC ,2018-02-25 02:53:15,2018-02-25 08:36:53,2,2018-02-25 03:18:31,2018-02-25 03:18:31,1
1GkdunL68SjRwCm11y21jFoULoL4jAUQWN,150 BTC ,2018-02-25 02:53:15,2018-02-25 08:36:53,2,2018-02-25 03:18:31,2018-02-25 03:18:31,1
1GZ1rFz3QNnPpH3gszkTKHwn2fD1nbkyAW,150 BTC ,2018-02-25 02:53:15,2018-02-25 08:36:53,2,2018-02-25 03:18:31,2018-02-25 03:18:31,1
1C4PtXH8yCAqJh8WjouvHqxpq2Emw3yR5M,150 BTC ,2018-02-25 02:53:15,2018-02-25 08:36:53,2,2018-02-25 03:18:31,2018-02-25 03:18:31,1
19f86uwPMNGq2g4jw4VtfWcbkLPGDoScXt,150 BTC ,2018-02-25 02:53:15,2018-02-25 08:36:53,2,2018-02-25 03:18:31,2018-02-25 03:18:31,1
16PQaU8WjtUDzsVHMBGxigaUttisX4mtdY,150 BTC ,2018-02-25 02:53:15,2018-02-25 08:36:53,2,2018-02-25 03:18:31,2018-02-25 03:18:31,1
16jJVWeiyVGV9rpMqimB17vCUcEkXhE1BM,4.5732869 BTC ,4.5732869 BTC ,1
1J8vP9BZHLbki1SPSvhmcentpHzGLviJs8,3.24000002 BTC ,3.24000002 BTC ,3
14qvGibLBPBAfRDg23kqVtXoBBgnrQH3uM,0.07 BTC ,0.07 BTC ,1
1EgayK2ozV3ZrTn9iPm3vzBnUjMw6Mf1xa,1.42 BTC ,1.42 BTC ,1
1P4pSRP6mZTt17TkEEA7aPMzKqUYGbYytn,0.02001 BTC ,0.02001 BTC ,2
1FGSdMCqRj42B28uACzTfDx53YaxfGftTZ,0.94 BTC ,0.94 BTC ,7
1c5mjSZjnQcun1uAPKkpfs2nXSbFgH2jG,0.0185 BTC ,0.0185 BTC ,1
14ovVv6KKsSckUY3MRUHPV7AP7renEpotJ,0.001 BTC ,0.001 BTC ,1
1HAkkMEGZ6CQJ2yHinRLUY68sEoUgbsDcw,0.51 BTC ,0.51 BTC ,1
1MrFmsg8bHcuZaptL9QZ8m8hqRPy3kmnai,0.05 BTC ,0.06827047 BTC ,5
19PWc5Fmcb2NERTFqp9XiwfZcRK6ySkiVm,1.57 BTC ,1.57 BTC ,2
1BEJ6UurwUDv7SgT6KqqyhiLnteNLSbJhx,0.37362864 BTC ,0.37362864 BTC ,22
18J2BFae2ypqZWyULpL4qKF5D7jgm7E9YK,0.0095 BTC ,0.1395 BTC ,3
17YALKwgsXboPRV5izV5MQYQHRqGiy5EF,3.4 BTC ,3.4 BTC ,1
12yUFkuLPWoc4ctGYJc1NHK7gAmG8nNjyN,1.04780018 BTC ,2.39131391 BTC ,3
1BaeE2e3T1Qm28F4ki5e9ghHJAUyxvFj7k,1.01 BTC ,1.01 BTC ,1
1DJD8TpZ4NK2538dsPGVZabhhqzhmGuSNJ,0.0000546 BTC ,20.48359026 BTC ,184
1FKqGNgvRGq3V8VMC1As4A4oWceK3y5gx7,2.46 BTC ,15.39 BTC ,158
18YrQTtufRuXmzb4ny2EpPqBecRiytiyaE,0.08284721 BTC ,6.53256529 BTC ,19
1FzjSC1ftyYfecco44j4Z3FYJ3gdqGwQzD,0.92261139 BTC ,2.96614373 BTC ,9
1LNsctsMwRE3oSbGwS57C4wq4hm32xDz1U,1 BTC ,1 BTC ,1
12GqPNbNE9X4mrQZt5yYxskfHmWzRq8xyk,2.878 BTC ,2.878 BTC ,3
1BrBo4pRuumpq5XMGhPESRPhdPG2s1Aiju,0.16427706 BTC ,60.90969686 BTC ,65
185VTF5BMGUoQePYvjtoY1ApaUsbHXzwhs,1.47112523 BTC ,4.07354597 BTC ,10
12hNwA2tFkvKoTd4j6YZbXkwBvd1DiEcYn,385.00101 BTC ,385.00101 BTC ,4
16YFBpYQ9Cq2Zj6kxDDyheeuZkRfQHsfg8,0.5 BTC ,0.5 BTC ,1
1JShkXG8m8U3AVpvPzVjF43SLJFEZvbhH,6.01 BTC ,6.01 BTC ,2
1JML1FeX7E79RBX8JrRextwz1JfNHstync,2.09096789 BTC ,2.09096789 BTC ,2
1unH3YB1fk6vjogQ4ry4tDFgLGwGiqVmz,0.0395 BTC ,0.0395 BTC ,1
1BfkLiwjB9zciexbyoSyyvpcpicMZfQD8F,0.60000002 BTC ,0.60000002 BTC ,3
1ZsNAY4864m6vk1Y5GDxs794MyrsjjMXi,1.05600005 BTC ,1.05600005 BTC ,47
1NNUugfoWyTeisaFYPbetrzABHHFugtpJV,8.60383543 BTC ,8.60483543 BTC ,7
12dsQ2xDgeccJp45q9fdVdit7zsfw3GVoi,3.9 BTC ,3.9 BTC ,1
1H1hcbt9kzS7mJqTsxieTcXVY4mNsHw5MT,37.07900324 BTC ,49.13900324 BTC ,59
1N39LHE6TkRP2FTPBUmbFEM7XBddXB7JsS,2.81 BTC ,4.17 BTC ,25
1L5sbWXjnYGqbYhEtdu6wyUA3bkcbqC1c9,2.4101003 BTC ,3.0001003 BTC ,10
1DkgTMf9hdaXu86VpEzwUgqyJvCVdXU4ty,5.03151024 BTC ,14.0613046 BTC ,21
1EGPQqNn3NALGdyDQcnw7Jv86HiqcnxZBN,0.2 BTC ,0.2 BTC ,1
1K3wtJsN8pkHB61EWfFy5VKD1dk6UNpMLy,2.73 BTC ,5.73 BTC ,10
1KEFNFEqF761Ct1p8XLv5hPDTNrnmmE453,3 BTC ,3 BTC ,3
1LJdr73XynUCdyfT1sCsZRdsnJY2pZwacf,0.1 BTC ,0.1 BTC ,1
13eiriyhFqqwMzBJ2XkYrjEVLafaMrmQgb,1.69803199 BTC ,1.69803199 BTC ,
1BThf7FJjso4a5rSV8kF1HS3Gzi47cgcqu,9.04 BTC ,10.06 BTC ,67
16CVNfnqS9cQnZJoXD18ZSvKjULPrkGdev,2.60094157 BTC ,2.60094157 BTC ,13
1154xjbM1FXZjbqW6yke9V6bwn2x9ApFfy,0.66000603 BTC ,0.66000603 BTC ,6
14tvpy9MrzCPwupD86nrZ4FR5rsgMex53V,7.33282478 BTC ,7.33282478 BTC ,8
1HKikzgb6EXPEbhDjUHDEpYuz65Ra4u4LX,0.07666772 BTC ,0.07666772 BTC ,4
1BitcoinEaterAddressDontSendf59kuE,13.18854938 BTC ,13.18854938 BTC ,271
1NHe99BekRnryDUuwekV4Me7d46tykpPwt,0.00020666 BTC ,0.00020666 BTC ,1
1NTM3BfXg9S1yPfwt5mTqENcozLaa2Y9AJ,0.00005636 BTC ,0.00005636 BTC ,1
1NirrT95c6Kp4gVVT7ViaidvNbyyzBa1dC,0.00562012 BTC ,0.00562012 BTC ,1
1Nx7R931CvfmqK4cQQNcTWJNYusRK5kb3S,12.33676651 BTC ,12.33676651 BTC ,19
1MXN3YqxNTFMYX74bbDPsQEUD1jMCViEou,0.00067637 BTC ,0.00067637 BTC ,1
1MZUNwdDmyqGMY9j1V2cpdb8KEuJcR47rj,0.052185 BTC ,0.052185 BTC ,2
1NAATYz99EomFF1P7iKaMK3jZxBo6sLF4s,0.00434006 BTC ,0.00434006 BTC ,1
1NEX5RiUgSaKToS6VG9U87rrtsrL4Xe8RF,0.00030061 BTC ,0.00030061 BTC ,1
1BNZ9PExkPX48jxsj5F3AKsmXrWL4BUKh2,0.39 BTC ,0.39 BTC ,37
1JJTkYKJXVMBBcsyrDHrAvRQ51j8pDV5LW,0.19000004 BTC ,0.19000004 BTC ,5
115BHdLZzsD9BfpwrFGZnPu6875LPnnSCf,1.07338675 BTC ,1.07338675 BTC ,
1HKXcvMgioTkaRzBb6KARP4pyiGfDiF4E,0.02272416 BTC ,0.05384416 BTC ,26
1C4opVwriu7DGuyhuR4KPEpbUjuXSRHp88,0.50371651 BTC ,1.00371651 BTC ,12
1CC9Jgop3UkSeJmzBEizwSSPVz9zP2zw8z,1 BTC ,1 BTC ,2
12vWQECZjm4a7jM1XSNJuiutBnXf2Qcgpz,10.11899297 BTC ,94.69648081 BTC ,115
1HY43dLEGhsb6kjb7pqq2EdxemxHEm1wuk,2.00000001 BTC ,2.00000001 BTC ,2
1DAuDPQ2ZgUciJGppfJQbCTSpFt3tAdb19,0.02 BTC ,0.02 BTC ,1
1DNne8dLSB5WeejDvVpbrprnponwdZdjvV,1.07 BTC ,1.07 BTC ,21
1DYeVSmhTViQur2LqudV3GL9Qx6HJdBKue,0.03 BTC ,0.03 BTC ,1
1MQyGnyJdXWTd6EeikVqx51qwVGxEhXVvN,1 BTC ,1 BTC ,1
1PEFDPHEBT9QDRGRuPp4BcBKUb1TrJRFGL,0.70883271 BTC ,2.821498 BTC ,29
1CYUhVnGmF1yT8VeDAeQSp6ZUzfKEb8YTJ,275.0005 BTC ,275.0005 BTC ,2
1Kymka46gDP1L5VcGTseCigoCpiR1humBb,0.001 BTC ,0.001 BTC ,1
1L7r4yaBBLQyuVj2eVaQCrbqJ1ZScenTph,0.001 BTC ,0.001 BTC ,1
1McKD7akC581hHZvSpx3vG8Hxdhr8xnycC,0.001 BTC ,0.001 BTC ,1
12L6G2aQknxaRSMNJThzGgUkYa3puGTrnp,0.65565617 BTC ,7.52716822 BTC ,24
12EJYfi8gCwPbbdxF1vU43HC7f9pM3hdPv,0.0256894 BTC ,0.0256894 BTC ,2
15oN5pFZP4hDSHuir8kWckQwK3B2H2KXXc,1 BTC ,1 BTC ,1
1683aV7HEit8ugHbr1jtbs6ng14TfCAZqb,0.02 BTC ,0.12 BTC ,12
1Q8TNymNALZWWaSP7XNM29jMdwo6C2shg6,0.86 BTC ,0.86 BTC ,2
1Ngmn4mFs7CPTnvoe7nJvPRnMAnEuJcauo,0.03 BTC ,0.03 BTC ,3
14m8tXKYRm5TeRk64Z2tNZHkHdRUhPYwVZ,4.17 BTC ,5.83 BTC ,17
1FPobpzNy39GJFTxkuwZKF5fLzzLYXigUi,0.00741073 BTC ,0.00741073 BTC ,1
1W8RAKLr3qV5xBogQq2i7GZys5AG2QyT3,0.001 BTC ,0.001 BTC ,1
1QAHN6GfZWdh6p2mtpXYpPkzZWoE4nMJ8i,0.001 BTC ,0.001 BTC ,1
1GTwhPtHTDtZfsPog2FhWX5F7A72ySuaG,1.36946645 BTC ,2.00664425 BTC ,6
17XzjduXgUJetK68UHMx4Yj7iiEL4b9Gcz,0.00100002 BTC ,0.00100002 BTC ,3
18aTEVQ1EsMW2V2MmNoCdZ6eEfuSPZVuyk,0.001 BTC ,0.001 BTC ,1
1HAq8GGjSfNhuXfoUazDZwTf2vgtq5h9k5,0.0085 BTC ,0.0085 BTC ,1
1PziwFhfvvMBx3j5Qmk92GUfTTggzTchuX,0.0045 BTC ,0.0045 BTC ,1
15tKroqj8s6pBAgtsaB9GDMv12Hk56VNzX,0.001 BTC ,0.001 BTC ,1
176RkdFWDi5Fdc4QaAv9AnwNHZDd8zBt2F,0.001 BTC ,0.001 BTC ,1
1A1zP1eP5QGefi2DMPTfTL5SLmv7DivfNa,66.82601884 BTC ,66.82601884 BTC ,1209
12c6DSiU4Rq3P4ZxziKxzrL5LmMBrzjrJX,50.06394809 BTC ,50.06394809 BTC ,70
1HLoD9E4SDFFPDiYfNYnkBLQ85Y51J3Zb1,50.00998292 BTC ,50.00998292 BTC ,17
1FvzCLoTPGANNjWoUo6jUGuAG3wg1w4YjR,50.0053 BTC ,50.0053 BTC ,5
15ubicBBWFnvoZLT7GiU2qxjRaKJPdkDMG,50.0057 BTC ,50.0057 BTC ,6
1JfbZRwdDHKZmuiZgYArJZhcuuzuw2HuMu,50.00501 BTC ,50.00501 BTC ,3
1GkQmKAmHtNfnD3LHhTkewJxKHVSta4m2a,50.00027833 BTC ,50.00027833 BTC ,2
16LoW7y83wtawMg5XmT4M3Q7EdjjUmenjM,50.02 BTC ,50.02 BTC ,2
1J6PYEzr4CUoGbnXrELyHszoTSz3wCsCaj,50 BTC ,50 BTC ,1
12cbQLTFMXRnSzktFkuoG3eHoMeFtpTu3S,18.25955817 BTC ,50.25955817 BTC ,41
15yN7NPEpu82sHhB6TzCW5z5aXoamiKeGy,50.0001 BTC ,50.0001 BTC ,2
1dyoBoF5vDmPCxwSsUZbbYhA5qjAfBTx9,50 BTC ,50 BTC ,1
1PYELM7jXHy5HhatbXGXfRpGrgMMxmpobu,50.00112213 BTC ,50.00112213 BTC ,3
17abzUBJr7cnqfnxnmznn8W38s9f9EoXiq,50.001 BTC ,50.001 BTC ,2
1DMGtVnRrgZaji7C9noZS3a1QtoaAN2uRG,50.00013367 BTC ,50.00013367 BTC ,2
1CYG7y3fukVLdobqgUtbknwWKUZ5p1HVmV,50.03577 BTC ,50.03577 BTC ,2
16kktFTqsruEfPPphW4YgjktRF28iT8Dby,50 BTC ,50 BTC ,1
1LPBetDzQ3cYwqQepg4teFwR7FnR1TkMCM,50 BTC ,50 BTC ,1
1DJkjSqW9cX9XWdU71WX3Aw6s6Mk4C3TtN,50.00003 BTC ,50.00003 BTC ,2
1P9VmZogiic8d5ZUVZofrdtzXgtpbG9fop,50 BTC ,50 BTC ,1
15ubjFzmWVvj3TqcpJ1bSsb8joJ6gF6dZa,50 BTC ,50 BTC ,1
1Fi7o3BKMcT82NVtnMRNqsj8aE5CWbAo4z,50.00022221 BTC ,50.00022221 BTC ,2
1DmKBaveG8iQA7nTGpRQ1bf8cJ7zqSMCjJ,50.00068479 BTC ,50.00068479 BTC ,2
1AqC4PhwYf7QAyGBhThcyQCKHJyyyLyAwc,50 BTC ,50 BTC ,1
1JXLFv719ec3bzTXaSq7vqRFS634LErtJu,50.00040693 BTC ,50.00040693 BTC ,2
15VF3MsCzjHmFQ3wK3SMrTEBTmFY8zhJnU,50 BTC ,50 BTC ,1
1KDnp5D9sEUNGFY2z4JiKhwfbm7zqYp4Bz,50 BTC ,50 BTC ,1
1G43MvhzCqRz1ctsQUmgU4LgLuSVdfU557,50 BTC ,50 BTC ,1
18a3JX7ZZvu5CdaqY33RxzXB3ytEjspsGq,50.25 BTC ,50.25 BTC ,2
1GnYgH4V4kHdYEdHwAczRHXwqxdY7xars1,53 BTC ,53 BTC ,2
17x23dNjXJLzGMev6R63uyRhMWP1VHawKc,50 BTC ,50 BTC ,1
1PHB5i7JMEZCKvcjYSQXPbi5oSK8DoJucS,50 BTC ,50 BTC ,1
1Bw7RG9a19SjCNszmXQZhBwe1gEj4Vb2JZ,50 BTC ,50 BTC ,1
1MKRkcXG7cUb83EGNjK5TSHcKgVjVMTou5,50 BTC ,50 BTC ,1
1BTsxjF9rXtFvUZ2UFditbeUpohGgKCxUt,50 BTC ,50 BTC ,1
16bo8EmUnLJAmtDNavgcs1BQ5rU4YcR9UC,50 BTC ,50 BTC ,1
1NHHWnZKTetjZZfAbVjTS9EHQafdH6xn8a,50 BTC ,50 BTC ,1
1DpJP16GXSht3hJ5DZDumKcwAFqQQVkffN,50 BTC ,50 BTC ,1
1DpSDwF12wX5ogkS2HXabT7iWtCkAqJD9k,50 BTC ,50 BTC ,1
1KzvBTUbdwNBXiTkzr1msFUtPf7Vu2zLiu,50.0675196 BTC ,50.0675196 BTC ,2
1AQ2m6GH78oLgZYCdueUb4Zjxg1L6BkHZM,50 BTC ,50 BTC ,1
1DEwdHYmo8q6AhSHG7UgxEjttNMFdw9e7u,50 BTC ,50 BTC ,1
1DnzNm7QC479kSydvzmgb16X2c5GwRVzs1,50 BTC ,50 BTC ,1
1Bhq4Uz1Cg8vZLWy5uT3X3Ea3XDSNvkvCM,50 BTC ,50 BTC ,1
1HjE5zRg4eYm7jCHB9oSH5WbyZdH1GE2Ns,50 BTC ,50 BTC ,1
1D2zWLwXkdgFw5VtcYVtBhZuq5j4qwiRQP,50 BTC ,50 BTC ,1
1BEKzoSq5kTRNhL9ezh8KJ5vt2NzigQV2K,50 BTC ,50 BTC ,1
136g5f3pBidF6q8udL5GGb66CzG7AzBNwv,50 BTC ,50 BTC ,1
1FaUNstQc4FUena9XodmbfHgoMD9yKpT4d,50 BTC ,50 BTC ,1
18K6LJ9wFKSkYDA3dspswRPWiPgNZKvN7d,50 BTC ,50 BTC ,1
17iyRRXBHJKbv5DKPPkttWewm3CHdNPGQd,50.001 BTC ,50.001 BTC ,2
192kkZSRQHrS4dnBoPGgoYB6WeC1HXyYZe,50 BTC ,50 BTC ,1
17xQEk6df1Zyzvzs3oLPU9k5BZ85uGxC19,50 BTC ,50 BTC ,1
1h2Znru8Y624tuVnu1UgUujNACTzaFABz,50 BTC ,50 BTC ,1
1Kc4RPywLu8bK7JvTQJY1MWHo1S4jqQfzM,50 BTC ,50 BTC ,1
18p2otBZ33Ytgk3afUrHsmiPrFLNPiM4G5,50 BTC ,50 BTC ,1
1281ZBYNe7qJGMsGgHL2YgUEEFwCdXQwBq,50 BTC ,50 BTC ,1
19knNYsDH25AsBGhhoaxnmUKrn9WkVMSUi,50 BTC ,50 BTC ,1
14UyXKWBcVHYcqSpxYcmR9JLZu6pArwDrd,54.3824326 BTC ,54.3824326 BTC ,4
1FERXfs9RYGhhLe2yBsSqYfSqtmUEBUSTc,50 BTC ,50 BTC ,1
16kf2cAY8V7iZjX21Pm8znMJxqa2TYcqQ5,50 BTC ,50 BTC ,1
1AiE8NiskCXRovzHdVzAjydQ9V8Dv7Hiy8,50 BTC ,50 BTC ,1
12GBk2eiu3AEVvNYTwWYnUz49ecRjJ1CR6,50 BTC ,50 BTC ,1
16jZuw5nwn3ZgzWYrRvhi8NZW2b1NRk6S7,50 BTC ,50 BTC ,1
197x9cjGHGq9ah4AAwduRbu48J9PLiwcFD,50 BTC ,50 BTC ,1
1UZhhzWo85osGzNrs1BVjoE3FP8ea2umX,50 BTC ,50 BTC ,1
1PeWcJrkpHMnUs3t5GvuwcHh1oBHYNoDwG,50 BTC ,50 BTC ,1
17uWtnxcJdpH7pEXXmr1SLrohVxe18B3fD,50 BTC ,50 BTC ,1
1GPrHBrbFjzGVTwA4P4y5QnaDhd3GCYU5x,50 BTC ,50 BTC ,1
1JgpRwCt8rm29g3y4FkVKWWck8qEeKgfZv,50 BTC ,50 BTC ,1
1NnYa2jL24hLgXBbk3TAXHANUQEzXNnSHg,50 BTC ,50 BTC ,1
19CAnt15TpQrJ9gjmdZZsLcwRj8E1mkqPP,50 BTC ,50 BTC ,1
1K2UaAY9jfz7wUxadbD3ivBLGqrcF4ai8M,50 BTC ,50 BTC ,1
1Ky8dP7oR1cBeg1MzkrgHAeHAHyn92DCar,50 BTC ,50 BTC ,1
1FnbdYntfohuZ1EhZ7f9oiT2R5sDsZBohL,50 BTC ,50 BTC ,1
14U5EYTN54agAngQu92D9gESvHYfKw8EqA,50 BTC ,50 BTC ,1
19X7soRFwUCRX8aUc3NrRZddHgpLmFmpzc,50 BTC ,50 BTC ,1
1H2nuVj2EnEVoYSw3opGjVxJdDqnehiYWN,50 BTC ,50 BTC ,1
12ti6ZDtjJTFnfSXJD1yZeojFdc1u4nJcS,50 BTC ,50 BTC ,1
1BwWdLV5wbnZvSYfNA8zaEMqEDDjvA99wX,50 BTC ,50 BTC ,1
1KmbQCNdfCDkEB6yWw5iLjBTGJ5MYptqAL,50 BTC ,50 BTC ,1
1NHVxANujgiDvPxNLQ1cc5B8AEisnx2Yz6,50 BTC ,50 BTC ,1
1DmJE9Z1Teye3JmxhoDUcmnMmubCg8dNtF,50 BTC ,50 BTC ,1
1HWP2q1RjpRbjm2K5ZPFnnfbnpNjN7XJWj,50 BTC ,50 BTC ,1
135uQWV3vn5JNgQrWcLd6gWr9S2ybj2BB7,50 BTC ,50 BTC ,1
15eCuQ4Kd25VDhtv9Pko6DL3tt1ACa3tR8,50 BTC ,50 BTC ,1
12jiJuWynwFcqbNyoay5Sy9pmJn9dsFRgh,50 BTC ,50 BTC ,1
133xmQyVGHnyQwr2pYNiHUMeDUS3mYVsB7,50 BTC ,50 BTC ,1
1KSHc1tmsUhS9f1TD6RHR8Kmwg9Zv8WhCt,50 BTC ,50 BTC ,1
1KMYVBvfMAUZH4gpRknxvKxbqATMAfuu4x,50 BTC ,50 BTC ,1
1BnhHuk62o9tPuG5JerexTX3MhnR8sobLm,50 BTC ,50 BTC ,1
1DRzyGtGkXYnFz9n9qxnTFbGpYBv4FNmYM,50 BTC ,50 BTC ,1
1LNV5xnjneJwXc6jN8X2co586gjiSz6asS,50 BTC ,50 BTC ,1
1PHG1AoZJ5yyg6MV2fkqYCuDDik2NTfzfm,50 BTC ,50 BTC ,1
18GyZ216oMhpCbZ7JkKZyT8x68v2a8HuNA,50 BTC ,50 BTC ,1
12XPHPCGYz1WgRhquiAfVeAyjZ7Gbdpih3,50 BTC ,50 BTC ,1
1Bq1TLyuvZLvu73eueduUMhBL2QfYDeoNt,50 BTC ,50 BTC ,1
1yNErqkG6GFaQTkRjrp38nqpVFn7QJnhV,50 BTC ,50 BTC ,1
16cAVR3SQbNzu8KZtGdo8cG1iueWpcngxz,50 BTC ,50 BTC ,1
1C1QnL6oZqiRmKgaTm8XZbHccwupvJsAwG,0.0007926 BTC ,50.0007926 BTC ,4
181ErC1SkXTZpeeZFp1aeybbxRzkMBqK4C,50 BTC ,50 BTC ,1
1H4tA2CMhCQoVUMGvHSgnGZRCzHwfz6ogq,50 BTC ,50 BTC ,1
1NGoEojNPxaecxfcY5Dsj5S6fMhuWcsJRL,50 BTC ,50 BTC ,1
1FZfMb57dyAe5DmVaG8tbK6fTNZ998JdvW,50 BTC ,50 BTC ,1
1E67u3oHurszFKsRujmCkRi75zPSaAQGRF,50 BTC ,50 BTC ,1
19BDxGyDHdnyCFKEBowWBmupnw2L16xLaD,50 BTC ,50 BTC ,1
1GATC7q2UsLkEreULrnTQNzPoFTVeEHjTf,50 BTC ,50 BTC ,1
1FBe6tz5oFearpKpxJVizHMj4PhUd8YSVE,50 BTC ,50 BTC ,1
1EZVJ3thbXrZLnrQxAzvKSZbTt42Kx3mtV,50 BTC ,50 BTC ,1
18yWtEA3JgcwbKvVaQboZv1f5Vno5DtywC,50 BTC ,50 BTC ,1
1532EFaUjBBZJYPnb888aQB5sHTNWCeytN,50 BTC ,50 BTC ,1
18U2VSUxosM4tpEj5CrfRsY96Zw3bxAAPi,50 BTC ,50 BTC ,1
1L5Af2xjnA4aM1x3RtZza7e4jRL6ejE9n8,50 BTC ,50 BTC ,1
13LTHn9r7WdSkbo2ewwf2pvvJNUtMaEw9V,50 BTC ,50 BTC ,1
19yH8Y9qdDps3d3UtvbDPPbHMrCeFHz8qD,50 BTC ,50 BTC ,1
1E4SxpwA9oDbXrJnhEMZqBANtt7YhybWrz,50 BTC ,50 BTC ,1
1GSDEcBnVmBmxQHF1R8tDE7a9UL3rZ9po4,50 BTC ,50 BTC ,1
18GRjZxoAGwkxQas5YFWisTYT9eRdiRTCw,50 BTC ,50 BTC ,1
1QFqdpRL6QTkPCTz3x8B9d9EqckrG4scDA,50 BTC ,50 BTC ,1
1KJsw2yPaLsAoo7DaA6k8EQk4AZw6FbWSB,50 BTC ,50 BTC ,1
1C2ag3Wo9Thwz4eqXYYHwbUk6sACbXFWCk,50 BTC ,50 BTC ,1
1H3ezeszGPcG6zJWhnC5X8RGzYV4XwDfFt,50 BTC ,50 BTC ,1
1Kpzw6WPE4c7Swpitr5bQJkCeaYcCyRqx8,50 BTC ,50 BTC ,1
1B7XbL6wMCPmCfwKtDgEdoSucWR4PYYBP4,0 BTC ,50 BTC ,2
1KnUbT8XNRYxkMwtDzUgZiSJwTuVG8Xmxo,50 BTC ,50 BTC ,1
17VAvqWE6zh5uDeXDW7HDEoYMrZb4aiiVR,50 BTC ,50 BTC ,1
1BSgXqBzNHFfdqRHBPzLD23CFXpzhqpRrb,0 BTC ,50 BTC ,2
15SfR22QVZKWyywAJygdgTCn6KVc5tTfKS,50 BTC ,50 BTC ,1
17LXujHqgbGyK4bGvcRVuvfpCUJG1pUX5w,50 BTC ,50 BTC ,1
137p2wFwR7PiiRVpZWRKNmQERYhqCssnSG,50 BTC ,50 BTC ,1
1AfeW9jUGxdQaPs4V1F92woxPrci7TzTkX,50 BTC ,50 BTC ,1
16p8biiqZ8URmjQqx1KkAzDtVzMwcP9vuS,50 BTC ,50 BTC ,1
136TRwSgTUnhcgsfZeh9Pe2b55Ji2PaCv3,50 BTC ,50 BTC ,1
167QYMQTLrovJemAxc72gHYJ8A5UGFvDCa,50 BTC ,50 BTC ,1
1ACqcbzwxuTHgA3xJB9Mnphdz8JBsutU7i,50 BTC ,50 BTC ,1
1DuEzMQV7VdpXjjNKRm8SJMt7Vq9GchcLA,50 BTC ,50 BTC ,1
1E7dxoLZzSbemPzBjbbRmWQWgqpx8DaEWy,50 BTC ,50 BTC ,1
1L21dM6f72gXadJy2ypF5aQT7iZovFrnHX,50 BTC ,50 BTC ,1
1DMKX3zydMrvm54tjAbifr9ua4J46vMmf4,50 BTC ,50 BTC ,1
1CihghFAqXrxwRjCNZ4n6vdNbiDe8sAY7A,50 BTC ,50 BTC ,1
1JZCgoj3rvuKpwNFyptR3itaZxo59pwooX,50 BTC ,50 BTC ,1
166X96Eth7ebc1etAZTSqBE6kUNmNBDvdj,50 BTC ,50 BTC ,1
1M9nLDaS75XfN8E3VPZjbw7dNjSuCB5pQ4,50 BTC ,50 BTC ,1
15qywNVPm7CyUX2WK5qcutMe9kPLjHwLJQ,50 BTC ,50 BTC ,1
1JraaNHGjXxH9AqstxddvSwAtbt6y1EJsg,50 BTC ,50 BTC ,1
19pFgvQFVeBQMTXDPV6WGWKwAxd4w5aut1,50 BTC ,50 BTC ,1
1GnaXV148QJWbT1QuYpuNRF3UkPikQZnEZ,50 BTC ,50 BTC ,1
1BHEYHHpCdavA8h3mJZ8ZC1BEfBVH7Dgrq,50 BTC ,50 BTC ,1
135P3qbF3SToFNRNzq6kA5yijYJTE9xpz1,50 BTC ,50 BTC ,1
1EPpebcC7Jg2eqvMJHEVn9BdpJSKyaTGFE,50 BTC ,50 BTC ,1
1A3dccT136nCjmVkocVZENCLUVniGhLA1E,50 BTC ,50 BTC ,1
1PenKCs8o5HBMj2wokUvZZSX9SBsdWV7V7,50 BTC ,50 BTC ,1
19XcYPujxrxMtUJnxU8JvKNxvogSDJ5th3,50 BTC ,50 BTC ,1
1FYMbCNvJndFuqAYVZRvf4mXcX9EEE6ctT,50 BTC ,50 BTC ,1
1HnUzgdFk3zLch9Gvi14PxHHB3YqsmEoK7,50 BTC ,50 BTC ,1
13zwDGRQ2ZybwCd2vxHbKhmgJgz2VQw4VY,50.0001 BTC ,50.0001 BTC ,2
1KtCLSm38A8aaPeuWdFydAz1LcypHnRWnY,50.0001 BTC ,50.0001 BTC ,2
13y1D1V8yuWyrMN6AU2b17wMVQavXypBaN,50.0001 BTC ,50.0001 BTC ,2
1PxeCXMZBuXHt4CqWWEQ7Kwgdyob9P955L,500.00055187 BTC ,500.00055187 BTC ,5
1D3UhqrfyNTaKMQiUC9ucR5o87oCgUqQuv,50.0001 BTC ,50.0001 BTC ,2
1KvH12ZiArsejDqedS8NPoGkHE43ZAqkty,50.0001 BTC ,50.0001 BTC ,2
15zaw4FQcrPsmSVXmMYJE2mSB1TK9WMKaS,50.0001 BTC ,50.0001 BTC ,2
1N7seByoiWhMirLgws65vFwnmdfeDYXted,50.0001 BTC ,50.0001 BTC ,2
1KEYrN9U77SEg4pH2AEnkuj1Z52Dj4SpTG,5.04 BTC ,5.04 BTC ,5
1Do9jehEPAxLNoU69jFSrKLGN8t6eez8q8,2.13000002 BTC ,4.13000002 BTC ,12
1CEvnowVdeois5aTvJpG8xVXXXF1A6ZD3,0.0005 BTC ,18.8705 BTC ,131
1PFWhaokbA8AhqET5nmsd5QCf7yWA8nV7n,0.18911742 BTC ,0.18911742 BTC ,21
13bSZkMmHbuz34a5QQ3GWpqVxntqv4RnqR,1.13 BTC ,1.13 BTC ,1
176UZK7beManG4H7kHZvjGVUV8fbR8gdYm,2.93 BTC ,2.93 BTC ,1
31n7d1om3oLWVJWnYMqS87YxoRFVParz8D,0.01487 BTC ,0.01487 BTC ,1
1DygQ4V6WF5RYXD95drZqGVXZ1hKMiuTvr,0.000426 BTC ,0.000426 BTC ,1
1PTZnfk3mRw4myEkPY9rr3nqYxwNjQosBa,0.023 BTC ,0.023 BTC ,1
12aBsxE7PtXx3Du87D9JYd5FYu5SbSqYtV,0.004406 BTC ,0.004406 BTC ,1
37n93Q7QwPYf93XAKZnLYGZSse51szUNfr,0.01285 BTC ,0.01285 BTC ,1
33EJoL38Dw93cR9aPAGrYZTy9NHgLgiAqa,0.00004621 BTC ,0.00004621 BTC ,1
1JPYvZ9VjDHZNwwg8UmCETbrnAc3dQ3oi1,0.000148 BTC ,0.000148 BTC ,1
1CbK8Q9RHfrLPfUPJce87dst8BSArjPBpz,0.00468374 BTC ,0.00468374 BTC ,1
3P66rUa2xA19WuQVkq9pKyS7onb9TbnG86,0.00059046 BTC ,0.00059046 BTC ,1
1DGrg1czZJ58onQPb13tUSuBLJwiXJ31eu,0.0005485 BTC ,0.0005485 BTC ,1
3NhmBqT375C94PaREa2NvmCXE4j5goAik1,0.01626409 BTC ,0.01626409 BTC ,1
18eEq5gKWc2EvK4tTxyYN5CdUW4EjtZMv6,0.00826764 BTC ,0.00826764 BTC ,1
1AN5iE5baP2s4hgWdHnx2tAaXk1UMj4z6o,0.007 BTC ,0.007 BTC ,1
1MDTvUAuBMf1zhAAKyhkvfuMuvpNG4YPXC,0.03466711 BTC ,0.03466711 BTC ,1
1P2y8BVAqLQNCKg46X1fdFnsUpN3af2Mfz,0.005 BTC ,0.005 BTC ,1
3Muwfnc9C9TMC5oXcnXQ5nB5cqnLSG6fzG,0.14126425 BTC ,0.14126425 BTC ,2
3QjL28uTgB2jECLzbkbYQuyY6TLUC6XuPR,0.01015134 BTC ,0.01015134 BTC ,1
19gUHbiNxFbJEwbwa6yvSVzrdfUXTzUUmM,0.00999274 BTC ,0.00999274 BTC ,1
1MBdoqofaKVjMBxphpg5apx3LuYVWDYN5K,0.00005872 BTC ,0.00005872 BTC ,1
1MYFT3MWoxZxG3MAicC4i9cmgUyWuXe468,0.00026285 BTC ,0.00026285 BTC ,1
12MsE4YpG43XtE433vJprKyb5AmrtA52DW,0.00023484 BTC ,0.00023484 BTC ,1
19khLwbTg9DbgYozpK6Gf3nQ7DdDUAj1nq,0.00132155 BTC ,0.00132155 BTC ,1
139dhbm2GEhG5W1C1ZvLQYnjU1uKppzqjV,0.0002342 BTC ,0.0002342 BTC ,1
1CHUEL3tSkoUr9CKEcJfvpB7d7s8bw9PmE,0.00138423 BTC ,0.00138423 BTC ,1
1HU1GcrcrQrWT1FKwHtSiswLfW4SDeYpjD,0.0002338 BTC ,0.0002338 BTC ,1
1PP63gxzTFsnL8tdr8ZC1YR3hWwhVem1N,0.00023657 BTC ,0.00023657 BTC ,1
15eAAQBcnaJzzynNmmhHrdyo2d8Z6fRkpZ,0.00128666 BTC ,0.00128666 BTC ,1
1Pb9KGstqYeyPonTe6gTPtbwdVuZX7a3yK,0.00026311 BTC ,0.00026311 BTC ,1
17xMX7gRBBTLoq1NBSKMTYZLVmSXWU4n13,0.00023462 BTC ,0.00023462 BTC ,1
18N71YCTwQhJbsHRbgmaPhYHxgQVBfxtsh,0.00135176 BTC ,0.00135176 BTC ,1
35QLCRjvRH99xtWNXxFwqNATXzivDsBecK,0.03021718 BTC ,0.03021718 BTC ,1
3HKvPLm38LZ2dsPyYSnetj4VQ5Q7GQqAfx,0.01078004 BTC ,0.01078004 BTC ,1
3FxgNeGVHjLVyoBULPcsv9GW9W6EzDM8YH,0.01107213 BTC ,0.01107213 BTC ,1
32cEFakFBXNqqT22RFnpGRzYziingoWKKp,0.00999859 BTC ,0.00999859 BTC ,1
32iZMQQSbufumEtcnZ8vijnqhUjRfZ6bu4,0.01020315 BTC ,0.01020315 BTC ,1
3EtLAmtTsnkJ7VHTXqUdU5koxS5ZQn4px9,0.01002697 BTC ,0.01002697 BTC ,1
3Bw8yzjqp6gr6CEKC4TrtF6nQA9sC31yUk,1.28201408 BTC ,1.28201408 BTC ,1
1MaGcr8vWfrwqau7uYHked1aHTVNMtNcxp,0.01413854 BTC ,0.01413854 BTC ,1
3N7UJ6akHtf2syiBoSPAA7nK34HD7EQpQE,0.53940131 BTC ,0.53940131 BTC ,1
1Jwztk2TQkE2LDLpY6c8rR4ndS85tDqxRL,0.046215 BTC ,0.046215 BTC ,1
3AhCzgaFEdwzyorFiKdLkP9TWRHoVrpuAb,20.53142739 BTC ,20.53142739 BTC ,1
1Bd7agjGazcCBicwQsewhMiioJtX6bHwYJ,0.01007819 BTC ,0.01007819 BTC ,1
17MJKoZxwQWCxxxXhD3o4xTVrNK3JXWFS3,0.00999258 BTC ,0.00999258 BTC ,1
1KhRSLmGExnLM8jQKtzedbaJ92ZfPNKBNf,0.01009527 BTC ,0.01009527 BTC ,1
13Hj8bYXgffSB4tbrFVPvfh5C6mawp82T9,0.00999518 BTC ,0.00999518 BTC ,1
13Sj7xossb7YTczRxCR6EmWbFniSVyMtCT,0.00023366 BTC ,0.00023366 BTC ,1
13M2ccqDy3XwhZMCnfqnGPazCvdnuPYeuZ,0.00023678 BTC ,0.00023678 BTC ,1
17KcQvbE8RpLuWJgSpSVkoynZYQNHvbcBw,0.00128483 BTC ,0.00128483 BTC ,1
14hhdt29RwXz879DWQDKzScg8PQWH6EBaG,0.00005874 BTC ,0.00005874 BTC ,1
13tkACA9ZtgpkMgKJNuj5Ug8sE7eZfoQAL,0.00005876 BTC ,0.00005876 BTC ,1
12tkVJboWTcJHsCcQdMDWtRXSPwaEW1eAv,0.00005882 BTC ,0.00005882 BTC ,1
1KHFrnAtzvVf8cpFnMiJ8yWpX9jzRdExWa,0.00005884 BTC ,0.00005884 BTC ,1
1MDoG54Z7XTpTnxj5dCGKvvxRaa2kr7cDK,0.14068027 BTC ,0.14068027 BTC ,1
31k6PfDToeAGgSgAe7yfm3QaeJCcDdQo5M,0.00999852 BTC ,0.00999852 BTC ,1
3Jh5ZCzbAjMw94gCLBc5mKSnv2KJeHcpRp,0.01001434 BTC ,0.01001434 BTC ,1
3AwTbZW28HBbQq1a8K7tuwyLVL17zvarHu,0.01004738 BTC ,0.01004738 BTC ,1
134VbLRRXQNkEsd8LKcMBHTPM8TznQoVFR,0.00026317 BTC ,0.00026317 BTC ,1
1MLc6Raxgc8FYXE4uP6WBPpjqU7hDo1bar,0.09892816 BTC ,0.09892816 BTC ,2
15Zmg8SHbgiXnkLZyfzCWEMSJWSwuKEr1Q,0.002425 BTC ,0.002425 BTC ,1
1CcJvCZy7dPyUn1KcFJzLQboWB1aTMYNAv,0.00057048 BTC ,0.00057048 BTC ,1
1DL9YCg3AiCG5W1Pk1nUzHhNTJBv5GZpWq,0.00023404 BTC ,0.00023404 BTC ,1
1JBHj2wu3FEy7NQ5k7WS7Haa9rehPr7rsM,0.00023804 BTC ,0.00023804 BTC ,1
1KWTNP5ovtop3Ue6f69B5eThCMDwjo4nYx,0.00128002 BTC ,0.00128002 BTC ,1
1N5ovZ4yDhdzkKrA8PTb94bQFDgTFFPwYR,0.00026304 BTC ,0.00026304 BTC ,1
15yyZW48RbXeySrdEnZvWWRjz1yB9YgEik,0.00026316 BTC ,0.00026316 BTC ,1
1KLgd5GTcZiAJNz3UhGxxAijHA2YukLcby,0.00026331 BTC ,0.00026331 BTC ,1
15xiPVdTGXWB2st3ny4N7yJnRtNrZP7R6X,0.00023824 BTC ,0.00023824 BTC ,1
198g5feu9pmqCZF1cJLmwU9oBP8sTgZn8B,0.001252 BTC ,0.001252 BTC ,1
1EYhNGwNHfUeNzWWaFEF9U2dnpnXY3x85c,0.00999472 BTC ,0.00999472 BTC ,1
18BZYGzXmxq521ViLNUvRn8vVNy9AzFmGq,0.00036552 BTC ,0.00036552 BTC ,1
39Q3wVbzzNRC6TAcFZYNe3B7KJ1Jft5yPA,0.01793 BTC ,0.01793 BTC ,1
3JKyoLumiArTwXRj88srvfrWMZi3C4JWTf,0.03347932 BTC ,0.03347932 BTC ,1
353AsjPRp74VbDvoc7Jh3skP5wf6nJpmtz,0.00973957 BTC ,0.00973957 BTC ,1
1DiJvugQyvbmivZdtEAeCkUsc2fZNERp1g,0.04199012 BTC ,0.04199012 BTC ,1
1AXqhDTbkAF2AzvSKXqWDm2PheTxvoYtQN,0.01037999 BTC ,0.01037999 BTC ,1
3FPNTyt9ZkwJStxCgWndfzW8E2fEhd7iCR,0.0100038 BTC ,0.0100038 BTC ,1
3JAsYm6GZMHHxAtUx7RHYrHhzHBkvD2KTo,0.00954118 BTC ,0.00954118 BTC ,1
1LMmNR9MJo6m3CryseeSVT8Qx2r9V5wR2V,0.60249864 BTC ,0.60249864 BTC ,1
3Ccfq6x6pV8x6HvEQ4YwZiDwE23UYmnyja,0.00500138 BTC ,0.00500138 BTC ,1
1DQwtxPXpTgeQTPni7BUWDjJVbJxcY8pCR,0.00002302 BTC ,0.00002302 BTC ,1
3ETRcw7SEUPSuPK1NZcTAzuV2VwNWeFc2s,0.00333116 BTC ,0.00333116 BTC ,1
15ZWSPtv9CVhrJH2st3QzTjsXsA9WpkpZX,0.0000343 BTC ,0.0000343 BTC ,1
39q5eoJQs3PEM3cpFjZnZSyQZE3UpqfYrd,0.0168 BTC ,0.0168 BTC ,1
17Dhqo4hLptoUqpQjWWqyfSKX26bMeyfEB,0.00127137 BTC ,0.00127137 BTC ,1
17Hd34E15eVGDF5u7HnaKYCWB7KD1jsBt8,0.0041778 BTC ,0.0041778 BTC ,1
1JU6kw4V6ao3TGk2GWFzurLkkfzZtvUZeo,0.00158728 BTC ,0.00158728 BTC ,1
1JcVNuYoaULYFCpV6HMu4cAfyRmV1me22Y,0.00499323 BTC ,0.00499323 BTC ,1
1L8JVBA5mnYkYQkMFcfVnLyAN6zFP4nXUb,0.0131 BTC ,0.0131 BTC ,1
34eqQAUttAjKXgxZziCZdcZyvoY5PmaVo7,0.90649069 BTC ,0.90649069 BTC ,1
37iPdahtHijTPGgmFSYde2YY7KFR3omicG,0.00917641 BTC ,0.00917641 BTC ,1
3GterwVJW4yWvDySDvxASLTPRGJnfGzyce,0.00432663 BTC ,0.00432663 BTC ,1
3LXHXuJGsgTXhikXgmiSmUKH2TNCMbHmPs,0.00700065 BTC ,0.00700065 BTC ,1
3PbaeUGpKbdQQNtDMcrM9MY2dH8pWtFV9m,0.15084872 BTC ,0.15084872 BTC ,1
3QAFTsj749EcrjXXXRmx15RJAmd7aTNdwj,0.2 BTC ,0.2 BTC ,1
1NVpmRJnAbVrDZpGYG6XmYDgKKLMiRf7JH,0.00041878 BTC ,0.00041878 BTC ,1
3Amx9RJ4iAo8xEUahrpHibX6Nrdi724L99,0.00672987 BTC ,0.00672987 BTC ,1
1CtstSjKmUZ94u3vvrjfBNeirqKFZvvRNG,0.0015 BTC ,0.0015 BTC ,1
1D4E26vhzV4XxnbMpZNMBVdSMJ9bGc4wJp,0.0010639 BTC ,0.0010639 BTC ,1
14J41GAzoBEhqUJRKhmbR8445gkdqSVyXG,0.00214218 BTC ,0.00214218 BTC ,1
14cYnCh5KCkYejnJ7enk7C99CwH2eiKu1P,0.00024652 BTC ,0.00024652 BTC ,1
1LgnyQCwDAR9fzQ3sXeW12dETjnfi7MUDk,0.003 BTC ,0.003 BTC ,1
1NemqkqMHKkgv77BoJCc1nfHXZ8SMsjxLv,0.0158887 BTC ,0.0158887 BTC ,1
13xzkdSf4gu8ZtQsrwgtptUG6oBFP3PJPA,0.63373918 BTC ,0.63373918 BTC ,1
1BG8rhe8o3gagZ4t9Xg2geKHbVufrda8Sr,0.00000546 BTC ,0.00000546 BTC ,1
15mU4uAd34csMhMM6dXUmzBZRmwbhZkb5j,0.01202765 BTC ,0.01202765 BTC ,1
16uBmSG3pA4PdexC8qw1uUSFmLXYQD87eD,0.0018092 BTC ,0.0018092 BTC ,1
1LayoCadDzrF92C7oQ3AzdErJJYJsarBBL,0.01361068 BTC ,0.01361068 BTC ,1
1KbVtMwwEnrDCzK98K4sUs4LJhUiqMzmdS,0.0598887 BTC ,0.0598887 BTC ,1
1PREC7kga8KKdd9qaZfdA9447UieRhLfpv,0.3 BTC ,0.3 BTC ,1
17MrCovYmyuELdnJWzNWzX5RuusjHpvVPm,0.00119086 BTC ,0.00119086 BTC ,1
17jLFgwea2QAu1DmS14Z9vG2mNMqopcC2m,0.01376794 BTC ,0.01376794 BTC ,1
19WBk1S5zF835HHhEL46jgQAfS3it8c79o,0.002458 BTC ,0.002458 BTC ,1
1MWR4uy1KBpx5X71JpJXhZwjr48E1p93v5,0.01641706 BTC ,0.01641706 BTC ,1
16R4zJh5KyECp4nhnQgZCVFrqSgZnsT1Nm,0.00005111 BTC ,0.00005111 BTC ,1
3CASwTREgNb2TTQ8AKSSVYS6rvcrX8FVTr,0.00583688 BTC ,0.00583688 BTC ,1
1DBch9SyhHg63fsxpJW8UfAwzQ1kmc6ps,0.00148652 BTC ,0.00148652 BTC ,1
1pPbA6WQkPbjoVRPnPZQctgNQafswZ5Nu,0.0409916 BTC ,0.0409916 BTC ,1
1xg6vGAPFJG67PT3L6Umt917R5L3gjRfT,0.00630068 BTC ,0.00630068 BTC ,1
126Bqo98W4jYBQ4GHrExT7gyUpk3hiDfwU,0.00146108 BTC ,0.00146108 BTC ,1
12kDyscTPvsFP6jH9dgA33nzpfjpVi5Xyg,0.00531209 BTC ,0.00531209 BTC ,1
17Qo3s3XCf3ffCosonkyasWcj6vzgDKsoa,0.01215951 BTC ,0.01215951 BTC ,1
17T6krM5Zu6pNxEkpZ2SnsJ1w5jkTFEKbP,0.00157863 BTC ,0.00157863 BTC ,1
1D3R33i38mWcwL5g2GShSLif62oZkZQ1t8,0.01460008 BTC ,0.01460008 BTC ,1
1DkwjeZ9pJeiDjRd9mGt1i2hs3DBBc6qd6,0.0011395 BTC ,0.0011395 BTC ,1
1EWxuRfdjfiZqEYCCDhHu2UH1vfdnAd21z,0.00101409 BTC ,0.00101409 BTC ,1
1FC6C3sBo7wy9z1mgdMb8C8oQjgVMWE7Td,0.00114907 BTC ,0.00114907 BTC ,1
1FJaX2EqFppQSt6gpxnioTHNVBPRtgWMDt,0.00117503 BTC ,0.00117503 BTC ,1
1FfdcvTsb2bgPuhFZDyMFpfCWRXRfexZrW,0.02136153 BTC ,0.02136153 BTC ,1
1HUU8Y3WknEC3XyiTr4xwfbNagGhjZN4Ft,0.01420004 BTC ,0.01420004 BTC ,1
1JXxhnZBvwHLoZNnyVtmB4soXj6Q9NW8Vv,0.00406727 BTC ,0.00406727 BTC ,1
1JgywWizJR4GfDjVPHXwD76KXteoLbAHDL,0.04410101 BTC ,0.04410101 BTC ,1
1JoUZ3arwVwScgDZ2Kj3HPeDS1P5wzVUDJ,0.00150814 BTC ,0.00150814 BTC ,1
1KCi83LfLP44eFXXFffpEaveNLaf9dNwJP,0.00391802 BTC ,0.00391802 BTC ,1
1LMqosSbHkuCzqU9NuDJpZACrtKastNHDj,0.0010966 BTC ,0.0010966 BTC ,1
1MsaXaXvKWYhUWSDobJdap1xchEjDnzqgr,0.00138378 BTC ,0.00138378 BTC ,1
1CfiqWpaNmCiv8Uw8sKa6Q2QnqkYxCKcVo,0.00005107 BTC ,0.00005107 BTC ,1
343WA9cgtdTicYYYNrT4MeeQG5x8QBykiC,0.00867051 BTC ,0.00867051 BTC ,1
12z7aQ8cfybKtnYkpvipdH1fJzD2VmMxfr,0.00109 BTC ,0.00109 BTC ,1
3Qn5KDmFiqe7Aa2kctuYAz3MMhFs2jTDcN,2.80447996 BTC ,2.80447996 BTC ,1
1LNQWYjv7FXQ6Ewz1WHZwACtKyZKdLmBxN,0.4989626 BTC ,0.4989626 BTC ,1
13Gxt6YJZpbExrqCPQWR5EKgRVNfVxJrd3,0.00564082 BTC ,0.00564082 BTC ,1
14j252JjSu8C9tKhE5gcYk1C22KVj69LhK,0.00997155 BTC ,0.00997155 BTC ,1
1NQjbv7fqFcYGeBGAZKL1Ce7hgQCaYn1b6,0.0046545 BTC ,0.0046545 BTC ,1
36rUquyZjZHsixWoD7HtmgsUVKWorbLQjJ,0.0075 BTC ,0.0075 BTC ,1
3PjSyvARVZT5GygPHiVmmvdZ71u5QRXrYz,0.00866864 BTC ,0.00866864 BTC ,1
1MQqNcLeMxTb9c6J3R6sdpkFWzSyMVDmTr,0.07155787 BTC ,0.07155787 BTC ,1
1q2RLWT5F6dAhdu6ARCi7k76Z2PevKeLS,0.0019887 BTC ,0.0019887 BTC ,1
1y4KTencbr947zJhJe3avKcfrakyuiGhc,0.0000928 BTC ,0.0000928 BTC ,1
1JKxozqbw7fr78xx7hguJ9LFKFZaGA7Rac,0.021429 BTC ,0.021429 BTC ,1
15JdUa8zhSBB6pppVGqgnnYZ41bLj3X4uM,0.00010307 BTC ,0.00010307 BTC ,1
1D2NMepaszS9mHj6HUNLc7YVxraNqKuV8A,0.00643063 BTC ,0.00643063 BTC ,1
12r1KPBQnbQxZeURMKsFzw9PDCv7QUy8r3,0.02143722 BTC ,0.02143722 BTC ,1
3EVs5VMVQo5tiocgnBoaGfWLsWPDUkPfEz,0.20728477 BTC ,0.20728477 BTC ,1
14EPgvpZvLUeb8A7uUFJx2uiKxGQNgC7Zg,1.3199435 BTC ,1.3199435 BTC ,1
1NHEhwW5xrBbUmewSBiBETmLKrTWrfqWq7,0.034 BTC ,0.034 BTC ,2
3LTWUXWf5TXW8oaMCPx3Kw4rAgjU9NCTmA,1.30557112 BTC ,1.30557112 BTC ,1
3CuEpQfeho5u8Fhv66WQagLzoQ5gLxPTn5,0.01843787 BTC ,0.01843787 BTC ,1
18jNaacg6sh7uwt9FsqVjT5BTE2PzrZsPp,0.0069 BTC ,0.0069 BTC ,1
3D3zvynZ6a2wWBQcqhKK7FeGiqJkUU5fMv,0.01044391 BTC ,0.01044391 BTC ,1
1AfCQh2ZLBdu1C9DKEepay7dqXzmqfBp46,0.002 BTC ,0.002 BTC ,1
3DZ9n2qiYtkuonPynL8zs4Vq6AXyMDJrLy,0.01041202 BTC ,0.01041202 BTC ,1
1Fh81F6HXGgRaJPReuzSZuAiYCwxqZH8up,0.01002749 BTC ,0.01002749 BTC ,1
1M7q72ofCa3rciXe1dpRzjK3Kob1mK1GEk,0.002208 BTC ,0.002208 BTC ,1
3Lem2mgSW8g2S9JwNgumSA2CAnMKjN3K8g,0.13434725 BTC ,0.13434725 BTC ,1
36SZDPp7rjCQEzM2P4icTb8VitD1kSDMop,0.01325156 BTC ,0.01325156 BTC ,1
15oZExZsUXix2hchwLZE1mYxBhwNakYZC7,0.0044105 BTC ,0.0044105 BTC ,1
36o6o5BzRDmaEJxJFMicoUCLmKN9KxtVtW,0.01058764 BTC ,0.01058764 BTC ,1
1F33FVWLJLadedUM86cbLibpM25Ntkjy1M,0.01149333 BTC ,0.01149333 BTC ,1
35K47xWW5eTG2mMiszKqe7srDCz3YF2G1u,0.08427075 BTC ,0.08427075 BTC ,1
3EXzF9HqkP9KfevVqTn5vpG51wfDg8pi6H,0.0175 BTC ,0.0175 BTC ,1
38Zqm9D8KaERv8E8Nby4Q5E3AUdMhLSGaq,0.28072484 BTC ,0.28072484 BTC ,1
39Hxgy77A4Eig8hTeniSZGfGSNCaevuGuD,0.71879084 BTC ,0.71879084 BTC ,1
1BuXvaJHgN8o94sKKbNZWeguQm7WBdA3jZ,0.0167 BTC ,0.0167 BTC ,1
39XGMGY6kudYM4Wt8uZsCmXrvFoUEfMPnj,0.2457937 BTC ,0.2457937 BTC ,1
3Q3iCV9cmvUzgR71Xux2fjAtKjs99JUNTs,0.001 BTC ,0.001 BTC ,1
18nvub6fxf9t6PWsK4z3cf6HAtAUKhQQms,0.031013 BTC ,0.031013 BTC ,1
1q3dPyfHUaD5wS7TZykBwkK95ttR54qfn,0.0357 BTC ,0.0357 BTC ,1
1nqK57ob2dhtjyJWK81EEaicWSsXTsLuK,0.03302455 BTC ,0.03302455 BTC ,1
1nqcNsAATarSk4fweep467vK5NfxQa2F9,0.007 BTC ,0.007 BTC ,1
14sdGcgMyfWbSmEqc4RCmEC6vvGjPws34M,0.09537776 BTC ,0.09537776 BTC ,1
16DaK9GB95Wb9jb558t35snbaGpytqNNvP,0.03576666 BTC ,0.03576666 BTC ,1
1NXfV5Q5JPAJueSSRgooUkSxreqDttjcN,0.05645964 BTC ,0.05645964 BTC ,1
1EEFarhEi2GXRUw31pkriAr6FGD2ueLiMv,0.02508583 BTC ,0.02508583 BTC ,1
15sLnkAiy5yeK69ZEuMr7scBMmcCP4Ltns,0.0736331 BTC ,0.0736331 BTC ,1
12nFseD1eAn8nAneVhovzPRbotd8LBQLvq,0.00619955 BTC ,0.00619955 BTC ,1
33BHZNiRLDS9k6WTk4tMPdfupFVgjiRCdR,0.01371333 BTC ,0.01371333 BTC ,1
33ih1JJebmsxhT4ki3yzs3BdAciECCV49Z,0.00476 BTC ,0.00476 BTC ,1
1NQE7RYfLBP8gV4dpYWcgnQLt9J5ihjs9k,0.000952 BTC ,0.000952 BTC ,1
14p64qX7KTMx2jW8haftYnqmQEaoHMrCqp,0.0385636 BTC ,0.0385636 BTC ,1
1MNBd4ZTwZBPQ8xBTSKiG1njwue5DHiVog,0.00226346 BTC ,0.00226346 BTC ,1
3DiSGRzR8TVZTNpfYiXDCLfN1EQkftTjFB,0.00202504 BTC ,0.00202504 BTC ,1
15xFLYr9nRL8Xa9XsFFXS5VYJM6pnm6HTQ,0.12191515 BTC ,0.12191515 BTC ,1
3JpZDw3jZNoskeqdJwwLHAaUdyCgMyQxoC,0.007381 BTC ,0.007381 BTC ,1
3BbaYwwHH3r3SZ7iUppPNDWZ8fRaWzuMEG,0.00143 BTC ,0.00143 BTC ,1
3Nzgqb6XiijS4ESqRc7DjPMuHorJKLYzqX,0.0034533 BTC ,0.0034533 BTC ,1
1AD7omCnbhX6qh3a1y7CafdMA8vb8pbQR1,0.00061525 BTC ,0.00061525 BTC ,1
13s198XXzES1VR7nBCbnmufmV5a5c9NvVo,0.00342378 BTC ,0.00342378 BTC ,1
1NQd941kcv5odWAcGGRi2q2SenPTMsbwjD,0.016 BTC ,0.016 BTC ,1
16YyXzRHjJ1d9DGGtbDPn4jw431vg56zwq,0.08392347 BTC ,0.08392347 BTC ,1
1AXFzMVzsse1qESzBQbz1PujycXa3cMebg,0.0715029 BTC ,0.0715029 BTC ,1
1B7B9aRbF33tiBVonasW6ZVgAkaBVzu6vZ,0.02461932 BTC ,0.02461932 BTC ,1
1Ckxtt1M2QBh1qAu8NNEVNh2X2gbRtgUbg,0.02205 BTC ,0.02205 BTC ,1
1QBLF1VKofFXzk9mp1c4kxNDyWuVMinf5R,0.24773355 BTC ,0.24773355 BTC ,1
16G1W4C5DKPSawECkMqkXx9cCKhFNZAnBk,0.00010627 BTC ,0.00010627 BTC ,1
1PmLCYjtSwYWWzoQ5KbTiFKSd7RcJmd8wh,0.00190528 BTC ,0.00190528 BTC ,1
38D6MPX8qC2EPiVDe51j35LmwT7RZJKBUm,0.03452474 BTC ,0.03452474 BTC ,1
38EvKdS2Ln5DPYfA4UzoSNKkYe2C2Sc6JS,0.12070563 BTC ,0.12070563 BTC ,1
1HdQR68FPi1gUyGjALyFeuvNfC63VKGgCQ,0.00415934 BTC ,0.00415934 BTC ,1
1JN2cEYardts2in3PPLaUGgewuPM6j8Xe4,0.00997818 BTC ,0.00997818 BTC ,1
1Mn8Fd8g1aJwE8ePDwVFVRrecKhQfn5JPD,0.01002781 BTC ,0.01002781 BTC ,1
1NfC6jPB9HzYdR1rym49M4hMtdyUnGtm2U,0.00450858 BTC ,0.00450858 BTC ,1
1JGSTLNxEoLgg5quBr6LRAPLNapua6bCaS,95.46167182 BTC ,95.46167182 BTC ,1
1F8g7oB5Y5ZMmqADsH3JCaGMhkNK1Txd4T,0.00997966 BTC ,0.00997966 BTC ,1
16o1Ewb3DgEvKwneCHQnpGMtRvFsEq1H3M,0.0000122 BTC ,0.0000122 BTC ,1
3QVAkYouEs9Nonp8bBi2N1xoNE8oFKdC5x,0.01092471 BTC ,0.01092471 BTC ,1
1GaMigN6BsfnG6wbPUDCSkCBnVwYujJhKm,0.00948966 BTC ,0.00948966 BTC ,1
1Fj2ULyG4f4F4mRPCPCJj5GPydyM3VhCmT,0.03226106 BTC ,0.03226106 BTC ,1
1GcN3DyUxwW5L5m8fDt9EX9DzNci67U8HJ,0.0035736 BTC ,0.0035736 BTC ,1
1P7gjtPQ2SiqTy2tgJpprbXvSQZd6BvAAg,0.00153432 BTC ,0.00153432 BTC ,1
3KPMP7gsyCSbhNZqDbd5eYbtvrH5KZ3f6U,0.0057 BTC ,0.0057 BTC ,1
1EykueqqfHmoiJf8xvr6A7ZbWJRZuVneWG,2.17496966 BTC ,2.17496966 BTC ,1
1NqNhQjBY2nJmVXeYpbhSAbJgfXdX5riNa,1.5 BTC ,1.5 BTC ,1
1NSDKHCiMutKHRTxPa7uqgUiWdWi3qZXX2,0.0175561 BTC ,0.0175561 BTC ,1
16se1rWiQAuwzQ5QGeVeiY5zHF531sd7R5,2.75311347 BTC ,2.75311347 BTC ,1
1GmE2ujmr7RuEriz5G7a4T4ShJqg6MLr3a,2.66957677 BTC ,2.66957677 BTC ,1
1N2Z6JzcbRUbKBzeHsUtdXthM53ik7xcwa,0.38639194 BTC ,0.38639194 BTC ,1
1A3dnSBVtUdZE5XtVLacboEqskYoe2U7Ju,0.10994745 BTC ,0.10994745 BTC ,1
34D919CUztR8NoinjskUpHep2nsnsraAvu,0.002073 BTC ,0.002073 BTC ,1
1NDqZ6x9PWQ1NzrBBa7p9aJSCb5N8jRXj,0.84161875 BTC ,0.84161875 BTC ,1
1L8b41TMrUsDSnSVXNBCMNubLyeK2ngwuw,0.02147351 BTC ,0.02147351 BTC ,1
18ejw1EYGtpXSQMpiDwDERKiz5KGpxgsFq,0.08826553 BTC ,0.08826553 BTC ,1
1A93Y9ZvGNdWKFRNrV3TuiryxiBj8z81oX,0.003108 BTC ,0.003108 BTC ,1
1L3geqKJDCPvwoYnxBk8kQAWAB62GRqLmd,0.01981448 BTC ,0.01981448 BTC ,1
1QB27yYKrVDnPxRq2iQfQ7dauBm4ccW9Q8,0.01648278 BTC ,0.01648278 BTC ,1
1KeiwktZdd1kkmofhhKroaHz3Wwx3vaxFn,0.01520954 BTC ,0.01520954 BTC ,1
3LLQ9rK77zLTCxUJh3RwoXLVaLaGbBUixs,0.0006 BTC ,0.0006 BTC ,1
16jTN2WTt5K1s6ijzEfHmyij6WSj7zoCtm,0.00036787 BTC ,0.00036787 BTC ,1
13n2iUYK1xLFWFrtDfEUkRDcUP6o4E7heo,0.0237 BTC ,0.0237 BTC ,1
17EyTVDSKnAtigzHcLrAMLX9Z3BpRJ9Vkw,0.17730878 BTC ,0.17730878 BTC ,1
1D8iZCeGPkbyLAY1Bjg6yD1erFF5WCHYCR,0.0136 BTC ,0.0136 BTC ,1
1Q9k9S9SZhnSoLJNMLTzVAZtrstC5g4QtK,0.00998 BTC ,0.00998 BTC ,1
34HtJc9vdS6rKu5yuTz1DV4AtxB1nxm5c2,0.00722 BTC ,0.00722 BTC ,1
3BdpcKr23sL5FsiDP5TuwXRgW1v8KSXGyG,0.00357 BTC ,0.00357 BTC ,1
3GHTHW7idouQ8fDYmtgjPvrgKGpK6Fpmct,0.00035703 BTC ,0.00035703 BTC ,1
1MNg2PPeRWbMxG7TmqBLVCpAgrF98RXQkU,0.00009027 BTC ,0.00009027 BTC ,1
1KVjBLMz4RT5PbqzGDMSULNdSFF8igwkUs,0.0006007 BTC ,0.0006007 BTC ,1
35XmngH3eu2RDTwt8GP3n7CSub23TGEeom,0.00964633 BTC ,0.00964633 BTC ,1
1B8pL5bQMCg68PHQfQv8vZmqG9aJq9ui72,0.03569 BTC ,0.03569 BTC ,1
1E8QhGUo8UUfvW2K3sJpXTJa1EKyw4rsvT,0.014889 BTC ,0.014889 BTC ,1
38oBjPQ4VbdPijf7yQuDBSbJRXV7AHfjZX,0.00041695 BTC ,0.00041695 BTC ,1
1Nk4BKyRocf1jRTEZMC6PrUwEfVADphRdM,0.00997393 BTC ,0.00997393 BTC ,1
3D7J1ksnSUVmfva2Ue4jgbsfpjqdawugKj,0.16878698 BTC ,0.16878698 BTC ,1
3KCgzpx5sab549yAynXaoVexuLjMCZaHG4,0.10043516 BTC ,0.10043516 BTC ,1
3KUfLjeyXy8TyyEWqujenHUPT7xWW6Pv75,0.22983261 BTC ,0.22983261 BTC ,1
3HwChePkWfQDpaBvYZ88CcMvTX7oHboysx,0.00017 BTC ,0.00017 BTC ,1
3DWodnKGiuqAS2jkiSo1Uk7z1oWntqMjZe,0.24486272 BTC ,0.24486272 BTC ,1
3Dqcknjc7n6WGUs1XtLRDRS5qBmRCUYn6e,0.021 BTC ,0.021 BTC ,1
1NqaSjhB2fuqEEtwDVtqebDLUMHqqJXzk1,0.01 BTC ,0.01 BTC ,1
35JYLosZxKYiA54Ge8zxrKvy8D542k6jmL,0.13738188 BTC ,0.13738188 BTC ,1
16Gznf1LsaQnJ699yDYuMBa73E9do8Kmgf,0.15 BTC ,0.15 BTC ,1
198RKVrJERX2d9C92jc6SLvBkFWs52yZVp,0.00578771 BTC ,0.00578771 BTC ,1
1DbyQrrbhrb8t6ZrBSJodutFqzkEXMxhdE,0.019 BTC ,0.019 BTC ,1
1DqjzjA1DsbsPbufTm1w9p1aHG4LaQ3Hjd,0.05360866 BTC ,0.05360866 BTC ,1
1NQhBz9ZTUujdMtjTE3xT4TxpYBM2bT8Vt,0.0012 BTC ,0.0012 BTC ,1
3BdkvJM91nJGsbzvUr8hKkj5cqnFwSziJn,34.01023308 BTC ,34.01023308 BTC ,1
3EgcRRPw68mX6gAKNC8kF4sAtouYxyzTLa,0.0112882 BTC ,0.0112882 BTC ,1
3P7jkGCcydXLKXFX73X8brFG9MQVp831cd,0.01053551 BTC ,0.01053551 BTC ,1
17DCpEC9RW2hPQ1Ht3f4j6VTzmmfLYCGRM,0.00274656 BTC ,0.00274656 BTC ,1
1JhePxxSP9KimZCjwJ92cQWZtwNgVWD4nz,0.20239537 BTC ,0.20239537 BTC ,1
3N7ce1MPndCEreA3QUS6s7ifn9ZeTrwqgY,2.00038844 BTC ,2.00038844 BTC ,1
1Ws2unbomH2FqLnLnYkmfNdZ5MH3HbC5k,0.00029207 BTC ,0.00029207 BTC ,1
37zYefJdNtFa3qTP4hTNTSqFE6kSWx1Cja,0.000325 BTC ,0.000325 BTC ,1
12MrtWVo8h3QMJMx9uCqsYopF6sNecQ4a6,0.00097121 BTC ,0.00097121 BTC ,1
13nTTiVkoPgpS2rdgxjtuuvc2cEpzt3qmY,0.00344131 BTC ,0.00344131 BTC ,1
1DpVZcievpk9x3D5zPJL2AjzKqBcw9HqUi,0.01193 BTC ,0.01193 BTC ,1
1CPUqxd58yC57mKx8MkskpjPJk3wRQkZJJ,0.00938747 BTC ,0.00938747 BTC ,1
1PeSjGNXod45MJnzStQUN3UY5TDobYrKMD,0.001259 BTC ,0.001259 BTC ,1
3CKikFkigawWJZt2mfk9RoURVrqQEK1wo8,0.59759468 BTC ,0.59759468 BTC ,1
1A4V17tFzeVnFUm9egKcJwCwQabxJtHydc,0.00000546 BTC ,0.00000546 BTC ,1
1GqjwMLDbDAWksCJWEPzxcn6xXxTFjZF12,0.00000546 BTC ,0.00000546 BTC ,1
17P6L8TsKa3bxvVJc8QiKmg1goYqNhRwRY,0.00000546 BTC ,0.00000546 BTC ,1
1M8NQCJ8zkknRgqDLR9VgHvLxnjU8NCWwo,0.0037 BTC ,0.0037 BTC ,1
131kZGy2NXgoec9NkMymgpWxVAY4UxuNEj,0.023837 BTC ,0.023837 BTC ,1
1QCtts9on5c82FtkQxC1TXPJUF8tKzvXK5,0.00061772 BTC ,0.00061772 BTC ,1
1EGz7sgvhTCtzzUBPfb7riUJD4zyeMdU31,0 BTC ,0.273082 BTC ,2
1HcdDrF1kcVcgxPv6hgYPtrtN43XUXsjkw,0.00188457 BTC ,0.00188457 BTC ,1
34doh9NYCWot366QjJFTpWVnvqJSCKwmbx,0.013279 BTC ,0.013279 BTC ,1
17VCsrJpg9JBsYhSpLsqdBsfHYfA66GQs8,0.01125918 BTC ,0.01125918 BTC ,1
12CaZT91sAQ5ABzFMSunBGNv7vtTXGewUM,0 BTC ,0.01241188 BTC ,2
14tiFuStkaakaLVDhV5ArFHDLcPKCdzBXx,0.0027856 BTC ,0.0027856 BTC ,1
1FXgEYFKrFWwajt1hoEUjHrubcuXZTUwXc,0.00104902 BTC ,0.00104902 BTC ,1
1Mwt4VR7gCGm9zkKm2zG7ssGAQkJou4zex,0 BTC ,0.00595948 BTC ,2
1QAEBFgvkLMbcFj9ZLdSzjF7vwxCNzF24F,0.31111452 BTC ,0.31111452 BTC ,1
36DQxa65BpfmdZyrL7j5dtBi7J7HkuWrSY,0.00269792 BTC ,0.00269792 BTC ,1
14puTerMa4a4L4Zhvnet3TrWjEjtgTGDJa,0.033 BTC ,0.033 BTC ,1
1Q8UkD4mbPUTEV9jX8waZKVXBnnUTWAHyc,0.278624 BTC ,0.278624 BTC ,1
18a6Qk3EvuPbZFaK1qMoAb7F7LSyZXf2eY,0.09475745 BTC ,0.09475745 BTC ,1
3HB6WBq171epqPdWdbbNh5nZFiS4JrGfUD,0.005 BTC ,0.005 BTC ,1
19KMcaq2TJin5YKczwwGBRBA6uryf2XNMw,0.00278573 BTC ,0.00278573 BTC ,1
13RAfiSvo5mzWNGPxjnjKhKs3jt1jBBpzp,0.11549092 BTC ,0.11549092 BTC ,1
3ATVmyH8bQWysrhEEkQuhCSAbj3jhUB6La,1.84281374 BTC ,1.84281374 BTC ,1
36jmrgYXgTNJGfDbDhFsskMrPXrYuqAr6E,0.01071646 BTC ,0.01071646 BTC ,1
13aQhrMS9sFAvvhJgD9zWAcFbUS5xNe61m,0.00998209 BTC ,0.00998209 BTC ,1
1D9t2PP9EFGVb1DkWdVUWuXGk627vNRjhw,0.00980624 BTC ,0.00980624 BTC ,1
1LpRoCJE1CrQmSGhG9RpeRBEGD92rdDjyH,0.0018432 BTC ,0.0018432 BTC ,1
33CcjYu4xaJvis6aGb3g1bUBAVfSC98tz8,0.07174688 BTC ,0.07174688 BTC ,1
33JjJCMtkZaYgPcTTM7gi6quERiru1eoR7,0.00712167 BTC ,0.00712167 BTC ,1
1HWebpHT4JrUX8bvwfCtrDDcLa7Ujp9kfz,0.00005364 BTC ,0.00005364 BTC ,1
36gHS4vVtA3ZQ3snudd6LZ5NRt22jf2KWk,1.332459 BTC ,1.332459 BTC ,1
3JrrgBpFkgq9rE7aAvPHE9zA62RVr5tL68,0.01213386 BTC ,0.01213386 BTC ,1
3LTDwsx4u8MmSTEh5A5fJ3k1iyxK3ynF31,0.06464531 BTC ,0.06464531 BTC ,1
1CZaVMBvitPgaahmscCy23dq4jUAPEqMQ1,0.00009101 BTC ,0.00009101 BTC ,1
1MwvJkgcmc44Hue3LEiGV2ZFJjFFXzH3iv,0.00997465 BTC ,0.00997465 BTC ,1
135i3Hu7k87fCuCBdrVrsciDonpUSWgdcr,0.079226 BTC ,0.079226 BTC ,1
14B7q9Ac2PvasLNUs8JxBapKM4n9EuuSmj,0.00997737 BTC ,0.00997737 BTC ,1
15ekppDRQjNVjy7TCfjeTHj3eDPKYvznq2,0.04 BTC ,0.04 BTC ,1
1BwcRsW12PD7tZNriCzb9N4NiJb1M38dYx,0.01000047 BTC ,0.01000047 BTC ,1
1BqNzr4xVHcaJJ3qCjRrRoj7jQwd6R4zAx,0.000506 BTC ,0.000506 BTC ,1
1NENrXnox41oGj5LP3QPdnLEFXXA22GeVJ,0.00486106 BTC ,0.00486106 BTC ,1
1Bsv6XaLsfFGixgbb4QV2EcdqgeYQKSNdM,0.00735717 BTC ,0.00735717 BTC ,1
1GQ2YWLYPzjxYVnZihef16D3mPenuT4aTv,0.0131307 BTC ,0.0131307 BTC ,1
1YttHMSVSFEgRx8gvAULrv3cxAio7iHJ3,0.000041 BTC ,0.000041 BTC ,1
37vQivac9fzco1Pu6FF5Zs44JBQT5Z9Q6d,0.00417507 BTC ,0.00417507 BTC ,1
14ckiRnuQ9UpdLpm1hWzQUKpKf4LEWszQ2,0.09128583 BTC ,0.09128583 BTC ,1
3CFp8qCH1wX5uLYTHTPh6nty7vrDD8Vsv1,0.00119313 BTC ,0.00119313 BTC ,1
397723UT2iezp26JNygm8viEB6jYokQrLC,0.003808 BTC ,0.003808 BTC ,1
18pQtQxFrbw5tpKKFnvJ3pBnoL8ywHu9LN,0.00546197 BTC ,0.00546197 BTC ,1
1MHhQQhqBC69nPq1F569C5FCx93yvhDxc4,0.005117 BTC ,0.005117 BTC ,1
1NQKUsPyH8JkSEBYYQ5TqA32TEwSLbP5Wr,0.000952 BTC ,0.000952 BTC ,1
1M5JdYPWmbeubsfGvoVnUyKT2cAC1yLefH,0.00595 BTC ,0.00595 BTC ,1
1P278R4ui3qwxSzzCuPnNJYyvgZHHiLgPK,0.09369267 BTC ,0.09369267 BTC ,1
1Gs3szLq3okz2gHk3K7upRxnfLn8z1XPJ,0.00275577 BTC ,0.00275577 BTC ,1
1815XitYfaQqv3seA17EvBXpaP5vwG6jLJ,0.02234475 BTC ,0.02234475 BTC ,1
3B391LHXizBL7ba5NA6DmnSyE9cQwZaoTC,0.00376516 BTC ,0.00376516 BTC ,1
1Apg6R3teAZCAfnqxcvWzgtaUZ9682LvjX,0.000733 BTC ,0.000733 BTC ,1
34mL1WrNcyxeX3BFe5fx2essYBFFawvMD7,0.00087 BTC ,0.00087 BTC ,1
12UDSf5jLMZ15u9Phgig6C31W19upfj98Q,0.00076063 BTC ,0.00076063 BTC ,1
344MsefvZu7T91TpiGXG6aBvqnngt5gztf,0.00191 BTC ,0.00191 BTC ,1
15PQVfi4kmpDBvHY385eUh1JXUE13osMkG,0.15627318 BTC ,0.15627318 BTC ,1
1H5pZEJWi5qGVubbCQDbpTjLH98gYep2A7,6.36161689 BTC ,6.36161689 BTC ,1
1N5k7fwZNUvuXihMuxw381XKexoPChYPd3,0.00937589 BTC ,0.00937589 BTC ,1
3PBK7LShhfCCKgZ13YraJPdR5ayAZutMAb,0.01239057 BTC ,0.01239057 BTC ,1
3LUEDKhvt5Y12iVdsFW4gV72EmjJfRe9oU,0.01430732 BTC ,0.01430732 BTC ,1
3469rRcSWTZ4fv38biLnBU2nvKYfA16x1K,0.6909 BTC ,0.6909 BTC ,1
3DeeM5geh7gVwS4PZuMk63nQWKUYxRCvbq,0.03904697 BTC ,0.03904697 BTC ,1
3DWT5gnYjcDqv1VGcLkBtxEEE4ZoUYdB9d,0.00119 BTC ,0.00119 BTC ,1
3N8Ntp49k7KcjajsCyeyybiVRASiaBbYr9,0.00238444 BTC ,0.00238444 BTC ,1
3MzafToZU3jSqXQmyKoCeD5JR75x6qvKUK,0.00954529 BTC ,0.00954529 BTC ,1
36iWu1VqZxFBuqyxDFtZSBpDrT4A9eRdbW,0.00750697 BTC ,0.00750697 BTC ,1
3E4Lh1T5e8vWNGo9Jv1BEcmNBiFmrUYUrK,0.01692049 BTC ,0.01692049 BTC ,1
32MVwh2pkJuFJLHBj1o4SKKD4PEsi3cnEH,0.0431 BTC ,0.0431 BTC ,1
3DifQAgWSS2CcW4R83Da5QBymyZ4GeHSiE,0.01428 BTC ,0.01428 BTC ,1
3KGnuN63UdZ1ELcwSbUHii2dNCtRJ5AgBt,0.045 BTC ,0.045 BTC ,1
32qDNMzrDomt1FjyNfHPjVKuYZF2GmnPAb,0.117096 BTC ,0.117096 BTC ,1
3HP8LdneQAy9cPbEezSdN8hSJA1ThoFCRr,0.03104343 BTC ,0.03104343 BTC ,1
37YC6hoYwvXEcECNmMBHvekmqLp6M9ryWb,0.0005 BTC ,0.0005 BTC ,1
1HgoPupj9BQ61CWWUx4hAccafEo7Mkn85P,0.00083456 BTC ,0.00083456 BTC ,1
1LLixX5SNEdtZ6d8N697QFQtJcf1fpQTMT,0.00218193 BTC ,0.00218193 BTC ,1
1CzyQvAmUM1ecTP1CGofVxKcRHyV1g1Mpr,0.002146 BTC ,0.002146 BTC ,1
16hK8f9cRVaLmiMyJmCPSR6SonJ69wWTne,0.0596111 BTC ,0.0596111 BTC ,1
1PWitcfmu57MJrtYS5bVbkZYe6svWS6yLB,0.00503511 BTC ,0.00503511 BTC ,1
1K3u1jE8vdu6bEE3WX5Yi7cJGykaVMDk7b,0.00127615 BTC ,0.00127615 BTC ,1
3B9E9XWQN1xudn3byRAh52AGF1AtQsA6fY,0.10926744 BTC ,0.10926744 BTC ,1
3PQWpcyGcYR3T1oCmNqPTLVNNTu4PW6XBD,0.00764166 BTC ,0.00764166 BTC ,1
3Gb1cbwoQzNkj3KUZQRbvxTdMe9RivQtF5,0.00560344 BTC ,0.00560344 BTC ,1
3MiUAVBhv3KAe6EaxY5111egTcVAquoXij,0.05 BTC ,0.05 BTC ,1
3G3cdNSa24mKRQorqTEKAr1sEBjBkPAh6M,0.00246676 BTC ,0.00246676 BTC ,1
3MwWR5jXMTzLKJ7TvjSsEaGJLCzHruVns2,0.22104198 BTC ,0.22104198 BTC ,1
36TG1aEVLYauMNP2GTuwzAnbtBwYMnkgvs,0.12122916 BTC ,0.12122916 BTC ,1
3B1E5Wcj6NRTHBmXvNia7iiuGiTERJiKH7,0.01192222 BTC ,0.01192222 BTC ,1
3N75QQ3cnv5v7gQJGT5iVH9UC4nNek2Wmv,0.00059611 BTC ,0.00059611 BTC ,1
3PFwH5McSJHHBFg1ZGPJftTMoP5524R39x,0.808792 BTC ,0.808792 BTC ,1
142x2gevxXPKQAEczrxNs1WfpEitMjNDLj,0.01987212 BTC ,0.01987212 BTC ,1
1Q7PvJqYdjRpQGZcFBVS9fCXCDvqsDkMB5,0.00214327 BTC ,0.00214327 BTC ,1
1JPL1LbetfY4zekAgTgmmF8ACy5QJKGRfk,0.01117976 BTC ,0.01117976 BTC ,1
39MK7Rc4u5eAx4AtbS2imBQ2yoQtCQqLHw,0.0454 BTC ,0.0454 BTC ,1
1L6XJZUH9LeoZPqwDRj3UU2rvwk8qkdfcb,0.0000273 BTC ,0.0000273 BTC ,1
1Df4dJcosJDSMEtVQ3f6m8i2qnR8LUjjS5,0.00052958 BTC ,0.00052958 BTC ,1
33oSV45nFCMDAzWYEr4ApEXxMFapNc8sVP,0.037 BTC ,0.037 BTC ,1
37bktvSQwXybSu6QkR3azKaTPqBNtU6LDq,0.02029 BTC ,0.02029 BTC ,1
12NXFP7qYSNi3uKikvyZdA3HJE8CnRJFM7,1.4895 BTC ,1.4895 BTC ,1
15X9HUzAFv1fZ44q5EAtcM2tghPFDdyqJ7,0.31045211 BTC ,0.31045211 BTC ,1
15XeQmqCPMYeQeF7yiMAMw6WDpR5jG34sK,0.00118298 BTC ,0.00118298 BTC ,1
19wCAJF2vxPXHG5DZMJahAiej29Xxv1cJ7,0.0181 BTC ,0.0181 BTC ,1
34MPU4Q2TV5FrXpaYHmSwPVErudScvvPiG,0.04393458 BTC ,0.04393458 BTC ,1
36CKdkc7qANEUKjjf7QKQ3VEgmAiyiyGKN,0.02937393 BTC ,0.02937393 BTC ,1
36F1fzPcDfL6rYvJn9Qer5WBGNKN4ACoMv,0.01545205 BTC ,0.01545205 BTC ,1
37tLm6oAK9tSw7oGmpgs5mppKNFeAsmZD5,0.00559572 BTC ,0.00559572 BTC ,1
15LH7cW3boEkWSE7JcznsNw3gBpjdjf6oV,0.00562314 BTC ,0.00562314 BTC ,1
12tZgfowNXDevXyWLWkRvphUzjwv5RoxMX,0.04507579 BTC ,0.04507579 BTC ,1
178eHLWbY57y7ZbeuHrX628dfdyqVsfLLU,0.00238401 BTC ,0.00238401 BTC ,1
191pWA13oTL4aRs6oA46gCVMvfRzY6yzkp,0.000652 BTC ,0.000652 BTC ,1
199PEWC8Jnj3oo1VViFfcsGvthoBMgAZnM,0.01850911 BTC ,0.01850911 BTC ,1
1G8Yh8m825Dfv8V6UfTv3Z4NYs2KL5nbrv,0.001536 BTC ,0.001536 BTC ,1
1MrAY4ejibVtqXUCqJ2BkHjWfCctDnXqu8,0.04245493 BTC ,0.04245493 BTC ,1
1NvSF24MnFJZ8FtHdwU7dKjXN5aDBpLo9s,0.0023328 BTC ,0.0023328 BTC ,1
17iGaHruNBY9pjmaCBWY4xKkoQnbJh6HTH,0.0074498 BTC ,0.0074498 BTC ,1
19xMN9vqtFe41cNrUHvnM48kdCufVBHgoh,0.01000007 BTC ,0.01000007 BTC ,1
14bYhuJDQVQRSQARYdYc5AgWAJc38JUg5s,5.06994 BTC ,5.06994 BTC ,1
1Ar426Srxx2ioCUcrNhuUedkkYqwB4kVHC,0.83861976 BTC ,0.83861976 BTC ,1
3DnppxMSRZ1U49M562FBtVzDpZthwM2Vne,0.60331906 BTC ,0.60331906 BTC ,1
1BHjoSx9dXDJXoYzFSkHbejVicaZKWEZ6,0.50173188 BTC ,0.50173188 BTC ,1
1Ahpcp1fB56Jyz2DcLU2ERawDaa2Y5XHFX,0.00987305 BTC ,0.00987305 BTC ,1
34WFeJKcFkXGjycPU3wnqKgWD2xuC5yGFT,0.00149818 BTC ,0.00149818 BTC ,1
34rSFxW8ZyJL8nF9x7BTPGWcRnNS349tAs,0.008072 BTC ,0.008072 BTC ,1
1LWwr6NkMbnynr6Z6hLxhzQWhr2yjShSB1,0.00989125 BTC ,0.00989125 BTC ,1
1DhWxXb2W5Wwe7bkmesyDmYdJZnkyCV7q1,0.00144456 BTC ,0.00144456 BTC ,1
19LksEMKVb9CxHQDtFZxDsxtRNioru7dUE,0.01050788 BTC ,0.01050788 BTC ,1
1FXGiHCYEnWhjXmcoViuUgVzLwUhjEgHLM,0.001878 BTC ,0.001878 BTC ,1
1LGviJ9eHUkttQgvCj5rRE1V84XsQSisZb,0.00057472 BTC ,0.00057472 BTC ,1
1LvkrBJim97JBxCnGMN5mVu2X3Ckjnjww6,0.0052787 BTC ,0.0052787 BTC ,1
19FswAkArLA4H9rZpwum3rhQYN88PGM3Qi,0.00005128 BTC ,0.00005128 BTC ,1
1FKrM93WCocD2P3cCkcNhY88zeGFK6MAfy,0.008057 BTC ,0.008057 BTC ,1
1rAwGnVRZbNSBZ1snpX2Q9JD27eEuiRUH,0.00294308 BTC ,0.00294308 BTC ,1
3KS8wEToe7xGaFwDdqcPf5tzMbYSJnSHv6,0.01006903 BTC ,0.01006903 BTC ,1
3LnFsMe4ww6QybusAVdUaFBGn5HEoutLff,0.01249814 BTC ,0.01249814 BTC ,1
3GESf9pSdmfdhvqr4nSocxMBgxBVD5tUjj,0.01110796 BTC ,0.01110796 BTC ,1
3BJ4NDa3UYrE52QFyGqM8P6FCxXuR68WTh,0.01001399 BTC ,0.01001399 BTC ,1
14ZYPU8214QKEnEfjV43k7DkJ2E3xtKj7K,0.02128222 BTC ,0.02128222 BTC ,1
33p6BcArBxATuWMwUUL1JsN8iz8HrTj8QE,0.00751148 BTC ,0.00751148 BTC ,1
3Ms36ZnkvvR9mPfst1uRYjE8YadwUmtWQg,0.00603669 BTC ,0.00603669 BTC ,1
1JMPYvmvLTEV7QPiiTPRuHT5N75tmMjfd9,0.04547222 BTC ,0.04547222 BTC ,1
3JmeYwwoVLqeFCejugHNfL2afEiQbDN4ou,0.01182 BTC ,0.01182 BTC ,1
1AJMVEGYQF8xndRVkS2e9M3AykJLYXG4g6,0.03926435 BTC ,0.03926435 BTC ,1
1EazNXVYFW6q9763Nz5bo8yk3opDnKPHsc,0.06689825 BTC ,0.06689825 BTC ,1
3LMNTLDfxbZUqdcJwBVKBCSAnhrn7WVVfv,0.03059909 BTC ,0.03059909 BTC ,1
3HsqC1sP65eaMkwrSJZN3f84XbJKHF6zwh,0.00298411 BTC ,0.00298411 BTC ,1
33ZYeKxHdLJLchSyy1bYnkTFWFKGngLEQG,0.00417608 BTC ,0.00417608 BTC ,1
3MSs61kZ6jVzhmHZs85RJc8H7r5wvThsvG,0.01625438 BTC ,0.01625438 BTC ,1
15JCZMimnH9dXYr51rCZGYEpr8XEfnon8q,0.00104765 BTC ,0.00104765 BTC ,1
1HgTB9osKpYCcoMvpadGCdpH11DwipBDEg,0.04537223 BTC ,0.04537223 BTC ,1
1FPBVymuvmLFLRZMQyagWPmDA4bELuL1jv,0.03039105 BTC ,0.03039105 BTC ,1
3BMEXi9EVwSDntyCp9uXDiSeJkCeZywvtz,0.01221872 BTC ,0.01221872 BTC ,1
1ExYDojGZ2DHm7baKmQixFofLWfcS55wSN,0.03396101 BTC ,0.03396101 BTC ,1
1PQLeRH62DqDXt41wCtpxr3twaPvWdDDrk,0.37298384 BTC ,0.37298384 BTC ,1
33Rm9JpzbgamdRkP6p2ngyCvnLbLFJ71Ft,0.24625 BTC ,0.24625 BTC ,1
18wEEjDWCbnC7VF9fU5wy6PGEQQDohj9KE,0.02278561 BTC ,0.02278561 BTC ,1
3CKofW3AHWtwwnWc2RzJGAZ1QWYeEXcPFx,0.00583739 BTC ,0.00583739 BTC ,1
3Ke65ViCJZ626X5wpyegcUBrNGvUz2mTrf,0.00586842 BTC ,0.00586842 BTC ,1
14x2PcHPTFvWxFRKCoZfeMqkcKGaYTETsj,0.01305361 BTC ,0.01305361 BTC ,1
3PYYdLYfpysB1GSqEJDYaZbWLLtMDn2e6h,0.00167555 BTC ,0.00167555 BTC ,1
17nsDaM8BxNhD6HWLq7nG5wyAefdpoPtLh,0.03457185 BTC ,0.03457185 BTC ,1
3GggZaJSGpeG9HctNp7YA2HmxYc4XXRm2u,0.00088194 BTC ,0.00088194 BTC ,1
1BeA57qPvVF1i2JDYiCZshLqGjXt56Ghap,0.05646116 BTC ,0.05646116 BTC ,1
1Bf8TVgrPXazBpQieosyUhgkGH1yqXa5UB,0.02507969 BTC ,0.02507969 BTC ,1
32wMzk35WQ958L88dYYLJx5CRE3mkDkyoR,0.05233057 BTC ,0.05233057 BTC ,1
1GomfWkgUSQGoA5cMetYduawrmTWc6quAp,0.00608799 BTC ,0.00608799 BTC ,1
1JNV5HGtd6EcTRtQ221jtWcSBZjjDe3u9V,0.00669121 BTC ,0.00669121 BTC ,1
3L71kY3TBZ7yN7Lv8rkdtU46tJoQrXzWCs,0.00994372 BTC ,0.00994372 BTC ,1
326LLtqvbkSJZceLpStADbJ269P8GKcMF4,0.01007281 BTC ,0.01007281 BTC ,1
3HFBSxCmUJL9NX6ccsporHaTbspLSh4hLS,0.00997353 BTC ,0.00997353 BTC ,1
3KFkEsL2sce83TQtKr5idTbNj1wzCTJGxq,0.00999347 BTC ,0.00999347 BTC ,1
1Ln2qWJDd2eMrqeVbyznnGQ6QXyS1EhEMh,2.48419388 BTC ,2.48419388 BTC ,1
3DUCjpHmmcqskWWNb94jK9KwdbZdhq6SDG,0.00705942 BTC ,0.00705942 BTC ,1
15kCancf81NoLefT4reSqRN5H39ST1mi4E,4.2550943 BTC ,4.2550943 BTC ,1
3C2r8b9YzUw8VofPSwg6HgoCehyfRfEKv6,0.00353141 BTC ,0.00353141 BTC ,1
17TNqUZXbmxk5jynG7EXEuoRMhQgULTTDx,0.00235395 BTC ,0.00235395 BTC ,1
1NA8QHECYN2D1fv9paBhkaUNhsDABBfU8s,4.28240147 BTC ,4.28240147 BTC ,1
14Y3ciL4fh9GcHFEBx4KMA6vHbha1L8JXt,0.00111816 BTC ,0.00111816 BTC ,1
1Q9WCgvDyqwauuLZsYqjY8LXWmRcGxF3gR,0.0005542 BTC ,0.0005542 BTC ,1
3F7LkNFGpfx4MAfnpFeXEX3sgBng4hyzpU,0.00063 BTC ,0.00063 BTC ,1
1BnZRVwz64VfrxWjVzXC94gkDwdTkWLxMo,0.00057215 BTC ,0.00057215 BTC ,1
3Cnvt5ZUSfrY9Qo6pez92bevTmCeHhVHEw,0.002983 BTC ,0.002983 BTC ,1
14KEyV2cjCLRW8YyfhmKdBCCkVXQSRzP9a,0.00045092 BTC ,0.00045092 BTC ,1
1NHmQL8jKUx9vmhT3cJRVCR25DNPtzw1jW,0.0004295 BTC ,0.0004295 BTC ,1
3LUdorENEvgZZtE2duJbcXTLheM6ivZmiQ,0.0062 BTC ,0.0062 BTC ,1
1JhQwhoZgRodCLuQZRe7HTFVwBGty4NYe2,0.00471127 BTC ,0.00471127 BTC ,1
1KPskBcQNtApZbnaXw5oyjCNSzwdXkytpP,0.00071673 BTC ,0.00071673 BTC ,1
3PqwAcTbrBEnWP4duUSyvXcE4AfetzHDY4,0.004559 BTC ,0.004559 BTC ,1
3GDts6S7TjdixK6WxKaXNgEfMv1f1gfZBF,0.145 BTC ,0.145 BTC ,1
36GfzK8sH7mjqq5DXKa7sgMXZ93nc72Ubt,9,773.10971334 BTC ,9,773.10971334 BTC ,1
1LfTNKmbUx3jZdw5ezKuQz9LVkUMnGUEis,27.02113921 BTC ,27.02113921 BTC ,1
16gC2GnoM3TxYz633m8HSMecFR5wxy3dnC,0.00940813 BTC ,0.00940813 BTC ,1
1HoyCEyo2GRB1FxKk1SCN9oESwc8WkswrL,1.2641325 BTC ,1.2641325 BTC ,1
1NFvgknVSC68vq7iF1UNmeH53UhdYpMcom,0.01549308 BTC ,0.01549308 BTC ,1
38ezTnEuERnH2icAubUHLqayuUbWsxHNAA,0.01714054 BTC ,0.01714054 BTC ,1
1Jp5e274gg2hsu8WbYcpKZ9Gg5Ppdxh5sZ,0.0089654 BTC ,0.0089654 BTC ,1
3DdBWCz9UJ6NwYzbENPt9235E1kcZShJzs,0.03235895 BTC ,0.03235895 BTC ,1
12ZhtQ1ScBfaKLSnN2UjWkZo1Nvj1LfjFC,0.73418624 BTC ,0.73418624 BTC ,1
1PMhz8LL9t2wvVQLcfU69tRd6Ju6uvEKNz,0.0449 BTC ,0.0449 BTC ,1
1FpWmxer8SL6n2Zw7RefMrV91VGhM2j4Q6,0.29074021 BTC ,0.29074021 BTC ,1
1LXbDVU9AucS5JuCGcPAbMkcNw718HPjMx,0.01838754 BTC ,0.01838754 BTC ,1
332TVzrV2e4avoUrRDSKXxDrZKwkLVKiad,0.007 BTC ,0.007 BTC ,1
33aQpC35vrTKkmdGgCcnhk8V4MufXszZqr,0.02260492 BTC ,0.02260492 BTC ,1
3NFHswJU6BjRdZrchdhGLdBUQxb6eCm3D5,2.8 BTC ,2.8 BTC ,1
37GTaNP1KckCgoUGt7pn1UE5ZnnTGfMzZ4,0.2405964 BTC ,0.2405964 BTC ,1
1FXmLpDGGjhGXg6iAjNyFCih3oLAbqThoV,27.23402613 BTC ,27.23402613 BTC ,1
14C3hS1Lcw69RWB1H1YgJgFdxFRRu1EHbG,36.31708047 BTC ,36.31708047 BTC ,1
1CP55YTNyVoceXpd2Emt35pdzEGzzVD2Z1,17.07209707 BTC ,17.07209707 BTC ,1
1DFw27Y3crPJDEoZnJ2dnkXPUjK3zLcbmG,25.96257058 BTC ,25.96257058 BTC ,1
1Jzk3ffRm6kMCvWgpqaQNy1FXA6nQ6qhD8,0.09552433 BTC ,0.09552433 BTC ,1
34cyncL5K8Zs1aQjZmU21zFsnGLbRa66d8,0.11312855 BTC ,0.11312855 BTC ,1
175efjrUJqhQZ17JvYVrM45J4pq7DSPQqZ,4.11318375 BTC ,4.11318375 BTC ,1
1G3E5wfG6QXhHrd82Dj8J1SCgGa2xhiZSh,0.14137295 BTC ,0.14137295 BTC ,1
12vK3i6M4LQyFsBGmxQYxncJCHtdUJjwHW,36.74470809 BTC ,36.74470809 BTC ,1
1DAEf4FzNzqNaf4fgU4gK2iojcQ2TN94b1,32.0701316 BTC ,32.0701316 BTC ,1
1Bt45v2jrJuuc9f91z5UXA2n5tfL8odJEV,41.87075145 BTC ,41.87075145 BTC ,1
19QV3B1LPJMfGnSRSjpV6hEfw8jkFCGgFx,0.32292392 BTC ,0.32292392 BTC ,1
1PBc9cHgE1ZVhSp29LWbEt7G6Vy6Jdunnc,8.32015979 BTC ,8.32015979 BTC ,1
1FXgktz4FS3gWqtze6zZ67ootM4bcnkrp1,11.39770791 BTC ,11.39770791 BTC ,1
3NBUNCKdZaeh2y5emBaXHTvbNJ72waigdm,0.63389738 BTC ,0.63389738 BTC ,1
15DYSWFXjnVE5jj8rhgmESyPWQS71LhSEo,0.008 BTC ,0.008 BTC ,1
1LHpFivxghSw4AjHhZrgVjeF4YNmH7atNt,0.0036 BTC ,0.0036 BTC ,1
1NN3YUT7vS2wEyPAMvSvMWm2onMwVBWgks,0.07147 BTC ,0.07147 BTC ,1
3F87NpurnHFGXLWHkfw8txy4ezuR8vsAqA,0.01 BTC ,0.01 BTC ,1
3BEQs7H4fNDiRQqMykCtq79RZp5swKJbNN,3.64 BTC ,3.64 BTC ,1
3M4LAvBCFu9r9odQCyJzA4aUBeJVn1HFZK,1.3596 BTC ,1.3596 BTC ,1
3AKxKdGnhqFkSEZ8yRfR4vx4wxD9cDaaYr,0.00077514 BTC ,0.00077514 BTC ,1
3BBwEKjw6i1CX8EQN4TfTRGLkgz51tUt2o,0.5 BTC ,0.5 BTC ,1
1GEedWMKU8dteEXtJh2dXnQ7DYkdwaeSiX,0.14107256 BTC ,0.14107256 BTC ,1
161g6TjFSA7sVeNymBfTfqiBi4Ps41zxEM,0.00844201 BTC ,0.00844201 BTC ,1
1ECuqEFYAYSzg8kkrLZjz1NZwfmdPvedor,0.00985206 BTC ,0.00985206 BTC ,1
14Xun64q98dFd29tjMHpUdcrjDrEfi4HuX,0.00666736 BTC ,0.00666736 BTC ,1
1G5RXG3j6cmMZUEg9qqCYCJkMgkfy74EkV,0.00860891 BTC ,0.00860891 BTC ,1
1Pif4w6NUqnLcg9MbQrCRNozQp3vMY8eBB,0.01133288 BTC ,0.01133288 BTC ,1
1MpbFiXZnEHoyNzuZvn5ksWfoLPZ1pub23,0.00518664 BTC ,0.00518664 BTC ,1
1CPJAJVfinUr9pixVJXPSZnVgaiDcuS2KG,0.00681731 BTC ,0.00681731 BTC ,1
13ETUPhfjqJ2WuQaQYn9eYjwNFPVSJbsp3,0.0176963 BTC ,0.0176963 BTC ,1
1LFZhgNqoEWvRQVqKWuqZgu8rDw4bTYHJ7,0.01133758 BTC ,0.01133758 BTC ,1
13m7qbEjkj8pAY5sTn9En3DyEeLWuRCBP1,0.00740694 BTC ,0.00740694 BTC ,1
17kE3FeQuewybF2HTiwESgWMSuRL5UqbeC,0.00696957 BTC ,0.00696957 BTC ,1
1KBXCgcJsXcjPJUdk3ACKgX9s5ERpZWAPV,0.0302423 BTC ,0.0302423 BTC ,1
14yjhPjXPgfNf7kz3Yp3Sv18twv3jGhtXj,0.00829449 BTC ,0.00829449 BTC ,1
13eEhGZYWcx2nMAkyekMGvL2MzA7Fs4CN9,0.36034559 BTC ,0.36034559 BTC ,1
14RVFL7PKyFpE6BvbpfkqQeccY1RBxh12F,0.16859491 BTC ,0.16859491 BTC ,1
17C5bPVX5yXMsoYn1gRYamAwPvRACZpebu,1.9995 BTC ,1.9995 BTC ,1
17Pf2qyummTq1MjUTbKHmbNCNJP12U7dhs,0.61619639 BTC ,0.61619639 BTC ,1
17UB2T82GR4MxZnWXLSfWkf5cNvhmLavYW,0.0295 BTC ,0.0295 BTC ,1
18AwbcSEJqfop9tWMGDR5aSKy1qMocVwKb,0.13012357 BTC ,0.13012357 BTC ,1
196jZGHpVfkY5qYXNegLNgi5JC3tjMB9eY,0.01239 BTC ,0.01239 BTC ,1
19QSmWW21eKMBEAqM4Vi1N7Q4yN4vuvLHB,1.9995 BTC ,1.9995 BTC ,1
1BGUtJqULsT63CkQ9W72n73kRvDNUnCCNx,0.50635283 BTC ,0.50635283 BTC ,1
1BYDZD6gvRCq9g1eEogmcU8fqvyvXS6Bbe,0.01608213 BTC ,0.01608213 BTC ,1
1C2epJkXDBvsd69M8LRedtzsXHNMv9DXtd,0.63451101 BTC ,0.63451101 BTC ,1
1EkjKLZmBU5fg5BEwrqRXCRph2mUHzLLg5,0.00209853 BTC ,0.00209853 BTC ,1
1GkaNBj6Vv88BRLYauQ8TSVDhZQCZTtzK1,0.07593751 BTC ,0.07593751 BTC ,1
1H4aHdXDudEr7aQwcDydRWGyvHmTywkush,0.0032 BTC ,0.0032 BTC ,1
1HWegNtBKd2K95kvW9ujH5kXbsd9H5E4ms,0.00633348 BTC ,0.00633348 BTC ,1
1Hk3ATiXAhcff98B5JWXtYTCEticEWJg6S,0.05315492 BTC ,0.05315492 BTC ,1
1J872YQrQ89Ti3DqSuExfcLyPmwxQhPyEL,0.02205538 BTC ,0.02205538 BTC ,1
1Ku76a52Zo65dQ1AC6e4boKkjhihGxqo5C,0.00504037 BTC ,0.00504037 BTC ,1
1PoH9peWxC6rVFyay9thWyWjgAHZgTa7zU,0.03803551 BTC ,0.03803551 BTC ,1
337a29jV3hnyV4y75BchhKJ1oyjTqoUyi3,0.00305232 BTC ,0.00305232 BTC ,1
35Gy4W6eX3uiqFjvv44qtiYBMs7d2WvHLB,0.04532037 BTC ,0.04532037 BTC ,1
35bKXacFqnEHcSBpgLFDE52i3J2ocnaiKL,0.00189 BTC ,0.00189 BTC ,1
35nw9UTcdLPv6kPkjthMdoPG2MK9VjfBmh,0.1000548 BTC ,0.1000548 BTC ,1
37mDk9uXr1Uvx1bkF277RrJssuAgXKuaFv,0.05563201 BTC ,0.05563201 BTC ,1
39LubBHwjMHYmYRMizoPyGG28ZXcXGSJ5H,0.00378537 BTC ,0.00378537 BTC ,1
3AMaw2DKSDcGuwPKJghWQyergqMcGwcDt6,0.04318874 BTC ,0.04318874 BTC ,1
3Aqm8wgEnYPALtuXjjpPCHLVJPVTK9Kazs,0.0202326 BTC ,0.0202326 BTC ,1
3B2vwEAn14sPs57KT1LbbzumgoEa17GhiG,0.0095 BTC ,0.0095 BTC ,1
3BMEX9e5wxs3ngpSn3XhqdNSaM16vXD367,1.9995 BTC ,1.9995 BTC ,1
3BMEXu1zGM7x5wta7fS8cLJLeTAQAdFxiF,1.62569795 BTC ,1.62569795 BTC ,1
3BrhYxEvBBhgq9orajbdoqVcqPCDe6GtiX,0.27920712 BTC ,0.27920712 BTC ,1
3CvmGpDGLni9r2KjhRJ5EVD3HPHF1gERix,0.10243052 BTC ,0.10243052 BTC ,1
3H63fkhkhBwxznfQQCJVh1vHSsD7T6UYks,0.00926485 BTC ,0.00926485 BTC ,1
3Jgx7TbdtWo2nQ1ULsVhn9T99sDKCELBv9,0.0445 BTC ,0.0445 BTC ,1
3LPXAv1zHZwxeaEPt4qC1zo87XDWhmckuR,1.19834023 BTC ,1.19834023 BTC ,1
3Lg2XhjmQGX3UQnHAAfkLqJnCZ1h8YLXzz,0.04876671 BTC ,0.04876671 BTC ,2
3MqfM6MqCmy1AJsCFsTMWkbN6JKsJarLNG,0.15906582 BTC ,0.15906582 BTC ,1
3N7w6nQu6pfYhLfirM9xXk7RuH7rm81w48,0.2095 BTC ,0.2095 BTC ,1
3NFAFFyKiyubcYmfwTh8vMQBGpWWWqNXcB,0.0119285 BTC ,0.0119285 BTC ,1
3QiaN6o4zA9ScyrHvSZoxQ27EzAjRTtz9B,4.10066615 BTC ,4.10066615 BTC ,1
18PYg49E65CUXAXzJ8Vi4Kj9NrVcDFMtgP,0.00936059 BTC ,0.00936059 BTC ,1
1CTF1KUsV9xZowJzpU2YUzbatofqSBL9iF,0.0090348 BTC ,0.0090348 BTC ,1
1Ag1vi9sn9RvPCwMUm9BctwLLdTiZkrLET,0.93907778 BTC ,0.93907778 BTC ,1
31oKEcLWjTF9T1ACwzLSZs68tnNU2QsKq3,0.35704382 BTC ,0.35704382 BTC ,1
19MNxjjerNyxbb42gVrEyjQdc17FJwQYSj,0.07107659 BTC ,0.07107659 BTC ,1
3Jjs6wxrHiELJCwfP5wTHt7RSKd3jk3Khn,0.00004232 BTC ,0.00004232 BTC ,1
1CBj1zLBBoCQ1QeBJhBzZ5eQFMWS9CMHWM,0.01008512 BTC ,0.01008512 BTC ,1
3P6dneMYTSjsx2wsSKC8q5wu3LzU2mPjxV,0 BTC ,0.00622204 BTC ,2
13pJhqzsLXtkcwnHi1UcbMXLyDB4my42Ta,0.02399119 BTC ,0.02399119 BTC ,1
15sWuZm87yxuXaVLocibpuAtAaCpEH6H8b,0.01151579 BTC ,0.01151579 BTC ,1
1Br3FE7fncYK7R673pET6Sz8rxBmqW3yt4,0.01033348 BTC ,0.01033348 BTC ,1
18NnyXZmo8N3yTq1p4MSgvWQEFppqJT9Ey,0.00765812 BTC ,0.00765812 BTC ,1
1KVPjYnrXzfrk3jiB78XqPbfqQaNn5k2QM,0.01567251 BTC ,0.01567251 BTC ,1
323Vs5AJ8HowqkPNn9nQ51oQQ9b4gcbHLm,0.28090562 BTC ,0.28090562 BTC ,1
1FqnygzpVSWqK2ksQ7qHBUQdyfripi3kZx,0.01379183 BTC ,0.01379183 BTC ,1
3H1ZRrbSN5GbMnznN1HXmBdTsHw5w62uFX,0.001 BTC ,0.001 BTC ,1
1LzTvr76XM4Ax8YaiH6tVxFEdpYj22ZJw,0.03068549 BTC ,0.03068549 BTC ,1
1Hy6NXGnJ1fgUbu7WaAdbsgdSEXHCyvzLY,0.17363847 BTC ,0.17363847 BTC ,1
1Ay4atebb8yj9EWuHdP9BULADuKoTCu7qL,16.32955198 BTC ,16.32955198 BTC ,1
15rcu7UqvRLhAG9itJBbhX6xj6Ba5gkkqU,88.41343603 BTC ,88.41343603 BTC ,1
1KH61c8QGzEdr7LuWHb5Wj7dEJHGZ27fvc,0.07655883 BTC ,0.07655883 BTC ,1
1A5DyStSziP1RXGrtsiCUeYRktC926VoK,0.99969602 BTC ,0.99969602 BTC ,1
1HW3qtUpmpnYf1wHVg2nrhaCXbpwEcZnEf,7.25922099 BTC ,7.25922099 BTC ,1
13JfEaDe24pwf3U9bgQPDKCyY3zUPvFnZ9,0.01677565 BTC ,0.01677565 BTC ,1
1BFvkNDodm362waMCkZLjUh1EkwBnjp3nw,0.00312596 BTC ,0.00312596 BTC ,1
1LKyGuocAtMj5dqkjSiCUKnmk2LihKX51H,0.01759936 BTC ,0.01759936 BTC ,1
3PR8r2X5EJeZu3Db2srUdsMKMYhSzJpxnS,0.00999643 BTC ,0.00999643 BTC ,1
3BajfLdS71A2cG1EsLvdFNHj97inaj9j73,0.01061578 BTC ,0.01061578 BTC ,1
3Mp1iW35Dq3tv3UQLgj3wEYk3C1b8WzyFR,0.01221133 BTC ,0.01221133 BTC ,1
352t4YT95XwKUU6Yc8nB2aJELaxAUJ9Hsd,0.01160094 BTC ,0.01160094 BTC ,1
16Yr7KDBinkMYqCKHdj87xzmp91bX96Pr6,0.00012349 BTC ,0.00012349 BTC ,1
39q2Ax2UPUxDZ9vHW2S1UeFjvmqPPqZzM7,0.00848127 BTC ,0.00848127 BTC ,1
3CyMtyz2cA9qMx2UgcFz2x9sp3htdZfB7U,0.58149021 BTC ,0.58149021 BTC ,1
3E5QJkwg2bdz6tbhNA9HLxDcKSNpYq6gL9,0.0100462 BTC ,0.0100462 BTC ,1
12b4PUmVmoLJKaMAbA3otviUidWwVyigk6,3.42427015 BTC ,3.42427015 BTC ,1
13BHmH6d8mJmLMXJhHpZ4sKJV8JqfpsFyc,3.42427015 BTC ,3.42427015 BTC ,1
14zUGAxkpwxMy1rR5rghXwBVz2Jh3uPzKH,3.42427015 BTC ,3.42427015 BTC ,1
18cKW3yz3M6UfcWmVW3DUJbFBLAAtZghnP,0.11165304 BTC ,0.11165304 BTC ,1
1EPyiCK56cK3u9NbNpu3hgZno8BY1y57qL,3.42427015 BTC ,3.42427015 BTC ,1
1EeHmBNfmoF1Kra5UgmjaFBRCKLX4gAUws,0.09568493 BTC ,0.09568493 BTC ,1
1F84M6PPPEn5Qgs9hxfH4s9q2znnuZfoig,0.57343501 BTC ,0.57343501 BTC ,1
1H3ap7p1CqjiTcauooHAMnP5WL2R97mQ8E,3.42427015 BTC ,3.42427015 BTC ,1
1M6r9ygXk4U9vDfrTRiXdPPvEWs6kvkyFs,0.32222154 BTC ,0.32222154 BTC ,1
1Nem8wURicuZCdSqiqYXPiM7murY14kBRA,3.42427015 BTC ,3.42427015 BTC ,1
1NncTV8yZGo1pfd3J8K2qDxAruQNdUBAGo,0.95029804 BTC ,0.95029804 BTC ,1
1QArwJMYYwmzY9u4z3UvNwt8Ju88GxKRka,0.77790379 BTC ,0.77790379 BTC ,1
15pLdXABkF2hv1NKmDPWiJsMDwuECKNgYE,0.00023057 BTC ,0.00023057 BTC ,1
35sd9BqaChqwetryuUXCoxp1ukS1RUa2eT,0.04760875 BTC ,0.04760875 BTC ,1
157rEDJ1BTNZA15phtWE4BBKUxwYzzynta,2.55406345 BTC ,2.55406345 BTC ,1
1KZB2XweUFFB5CihiCVPWHS7bxjV4qvg2C,0.00022989 BTC ,0.00022989 BTC ,1
1FHaMcKVSqjR7cXJJ19XPmncAXHvG8C1b2,0.0016853 BTC ,0.0016853 BTC ,1
3N9ByD33Regi1ydaNWqSeXbE7q7mQoAiBM,0.00102387 BTC ,0.00102387 BTC ,1
19pCF7XzSx3jnHZj3gzhhCp5wt8DjFkubw,0.00999903 BTC ,0.00999903 BTC ,1
1H1cGEbzxwWkUgNLMuNEVUMFZD4bSTmRY2,0.00023244 BTC ,0.00023244 BTC ,1
1CKEDt7rRGuobuVPK7b9nmNEK9umrVuNNr,0.00211088 BTC ,0.00211088 BTC ,1
342MzxUVoUtUADwzFqMH3Uf4y87aSNtjVM,0.083874 BTC ,0.083874 BTC ,1
19So5C6tmYVcc4vfZ8pHxQiEuig1BGh7oz,0.03221409 BTC ,0.03221409 BTC ,1
1CDarGHLqPC3ZXTA2i9kmUYWF3Xj9QwJtS,0.215 BTC ,0.215 BTC ,1
348zSNhoFM8q85TjcScYWfXahbe8GSyNe9,0.05259014 BTC ,0.05259014 BTC ,1
1H88ytFXDMPYacQwoujQ1P6WqckPYEbtYS,0.00007357 BTC ,0.00007357 BTC ,1
368dSdad7hG7D8oPKPCF7fyFCQajK2w4fc,0.02986358 BTC ,0.02986358 BTC ,1
31kG52wbFwd4QR6RMPBq3K65qnB4EjP9Jk,0.06189175 BTC ,0.06189175 BTC ,1
3NGwPxwxM5kVe73piK35w5L6qz9HoLooth,0.03 BTC ,0.03 BTC ,1
1PMptY8JPGTtNsCH96ouKjWJSkg6a9xQcR,0.147908 BTC ,0.147908 BTC ,1
1PhcEHvZsVnk16sA7VL4t2N1h8rvsBvNRE,0.001 BTC ,0.001 BTC ,1
1JdvtSM9AJn9E1bmwHv9mj4NUCnf4JMp9C,0.01490677 BTC ,0.01490677 BTC ,1
18WybDEJk3V4ns4Tm9pq6fgk1es3TBLW7i,0.01421928 BTC ,0.01421928 BTC ,1
3PEmbDT3AjyqPJFd5gmVY8fjUkwRN4Sxa4,1.87768901 BTC ,1.87768901 BTC ,2
13gRDewkoqmUd25nE5xPzLc9NJeGAH9cxY,0.07 BTC ,0.07 BTC ,1
3KhcaoqQ81Hcpp8PbemeaZhztjjE67BQBt,0.10699627 BTC ,0.10699627 BTC ,1
39k5rv1A2QPoQpJd51Kzz56CcZ6Ue8YyhU,0.15171826 BTC ,0.15171826 BTC ,1
1GC3CjeeooHfQMcFS1VUoviDXUMesvfJip,0.00501255 BTC ,0.00501255 BTC ,1
1DBwCbumcUui9rLfqKyMPvKbA2cdLR13Gv,0.00042071 BTC ,0.00042071 BTC ,1
1MfgFJsf2xu7qc8Wukwu12uyTcc3NPyFnN,0.00180301 BTC ,0.00180301 BTC ,1
19TLHYMeLxfdovcAQQxaVybx5PX2L28CYc,0.10791744 BTC ,0.10791744 BTC ,1
1DWZ2vJQ1QbbMBGgtzytc4nKGfESzBkLN6,0.10341615 BTC ,0.10341615 BTC ,1
12ADVCG3xF444WpeXXkegXAuk2guZ54g7P,0.00994877 BTC ,0.00994877 BTC ,1
16aix2Yj9r6dz6UatikEK7hJgtotsGLUGN,0.12755239 BTC ,0.12755239 BTC ,1
1MJ4vaJHPeDcdAk5JAAReyASQZdjv1PTLB,0.00155591 BTC ,0.00155591 BTC ,1
1ENmuB72hcegS9NCDtf2kBHop1pB8mvWDf,0.04628807 BTC ,0.04628807 BTC ,1
1G3NKWbSrNCytL152in9CD3ZvBemTKFSUJ,0.01000116 BTC ,0.01000116 BTC ,1
1J3KkUdFPSaEq3vQwwuHa2oRj7yKvaPUk1,1.11314099 BTC ,1.11314099 BTC ,1
3AgpTMpiDgmbZJECDeNSrqvtR2N1q2Aa9A,0.48619802 BTC ,0.48619802 BTC ,1
3NG3swsUHCJQ2pDnwVKVPggdCHMNmMhg5A,0.00996558 BTC ,0.00996558 BTC ,1
1C9knET2UBrF1E1Tz3QCVG3kBoygx6mdyH,0.0054902 BTC ,0.0054902 BTC ,1
15agBHP8S6p2pQzjfbXALMt7EAfGoNCx4G,0.1 BTC ,0.1 BTC ,1
34JsvhhgWNBe2jiXEnixVrB1KPmhwtkfnw,0.01000052 BTC ,0.01000052 BTC ,1
1KQ76DnFWEg3ULvaVUFjgA2XDXHPdhzyaK,0.31441848 BTC ,0.31441848 BTC ,1
38NfeqHduK2hkQQppmcCNtUSFk4ZDW5JRX,0.033826 BTC ,0.033826 BTC ,1
1UgqBkZqc9stNxW78odLbgEH78HFsYArS,0.01758074 BTC ,0.01758074 BTC ,1
1P1xDiXmYCN1MH57bnXjZZ1FzJk2khq9R4,0.41650498 BTC ,0.41650498 BTC ,1
1Bso7RKVZbLjLs2aNg26y4yKqUysZUuSCh,0 BTC ,49.87715687 BTC ,2
3GnBP5i5vn8uGHYYh6cLhrfDUPY7251KYM,0.00014 BTC ,0.00014 BTC ,1
39sUVai2XwVXPZCevXomfUbUov8D4nNBC9,0.00478207 BTC ,0.00478207 BTC ,1
3KieZX5RVCYmhcTbiz3mRDtLMCXw2KmXfS,0.0100163 BTC ,0.0100163 BTC ,1
3GBigxLHtaxnmeyQj1XGQvydsr6qxAMvXo,0.00119 BTC ,0.00119 BTC ,1
1LptUkpzbmeqykatj2ARVoTtT2f6hfAQaK,83.06698594 BTC ,83.06698594 BTC ,1
1JabNJVMY3S6RwKByWfxMVpZVY1humtVdA,49.30985463 BTC ,49.30985463 BTC ,1
13zG7Hj2ZxJEh2tuMujj96SCCdUPJQy5LG,0.16083785 BTC ,0.16083785 BTC ,1
